geography,lacking_canopy,Population Density (People/sq. km),total_population  1 1,homeowners_core_housing_need,total_core_housing_need,tennants_in_core_housing_need_divided,owners_30%_or_more,total_30%_plus_shelter,tennants_30%_plus_shelter_cost,tennants_subs_housing,Low_Income_Measure_18_to_64_years_(%),Low_Income_Cutoff_18_to_64_years_(%),housing_stock_1960_and_earlier,housing_stock_61_to_80,New LIM 65 years and over,new LICO 65 plus,65_plus_proportion,proportion_children,total sum Gini index on adjusted household after-tax income 212 209,in_single_parent_families,bottom_decile_%,bottom_half_dist,second_decile_prop,Living alone 42 34,less_than_hs,non_perm_resident,non_citizens,unsuitable_housing,"Low-income cut-offs, after tax (LICO-AT) (%) 191 191","Low-income measure, after tax (LIM-AT) (%) 176 176",Renters,visible_minority_population,unemployed,lacking_canopy.1,Temperature,target
ABBOTTSFIELD,99.9,4020,1765,0.095,0.4439999999999999,0.349,0.182,0.563,0.381,0.2,0.286,0.148,0.03125,0.7265625,0.16,0.0,0.08,0.4362606232294617,0.28,0.2464589235127478,0.235127479,0.8215297450424929,0.2322946175637393,0.084985836,0.3055555555555556,0.011331445,0.1643059490084986,0.1171875,0.176,0.3279999999999999,0.2436260623229461,0.5354107648725213,0.067988669,99.9,26.7,1.1
ALBANY,99.95,1704,1655,0.049,0.119,0.07,0.2239999999999999,0.5129999999999999,0.289,0.0,0.072,0.074,0.0,0.0,0.0,0.0,0.07,0.3262839879154078,0.264,0.063444109,0.078549849,0.4138972809667673,0.075528701,0.1178247734138972,0.1284046692607003,0.009063444,0.063444109,0.046511628,0.067,0.077,0.1359516616314199,0.540785498,0.060422961,99.95,23.7,1.15
ALBERTA AVENUE,99.73,3924,6325,0.11,0.409,0.299,0.185,0.6060000000000001,0.421,0.165,0.1159999999999999,0.1,0.5543859649122806,0.1736842105263158,0.2319999999999999,0.06,0.14,0.2529644268774703,0.247,0.1043478260869565,0.1399209486166008,0.6592885375494071,0.1596837944664031,0.1699604743083003,0.2396313364055299,0.017391304,0.108300395,0.054385965,0.091,0.144,0.1968379446640316,0.3778656126482213,0.090909091,99.73,24.2,0.93
ALDERGROVE,99.84,3252,5260,0.076,0.309,0.233,0.139,0.516,0.377,0.043,0.083,0.06,0.018567639,0.5358090185676393,0.096,0.028,0.14,0.3469581749049429,0.259,0.1017110266159695,0.08269962,0.5570342205323194,0.1064638783269961,0.064638783,0.1695702671312427,0.019011407,0.1844106463878327,0.079575597,0.052,0.089,0.1340304182509505,0.4201520912547528,0.088403042,99.84,25.9,1.04
ALLARD,99.96,4753,8435,0.036,0.18,0.144,0.212,0.5569999999999999,0.345,0.0,0.075,0.048,0.003539823,0.0,0.0,0.0,0.05,0.3532898636633076,0.254,0.041493776,0.066390041,0.4582098399525785,0.064018969,0.058091286,0.098214286,0.035566094,0.2471843509187907,0.054867257,0.045,0.075,0.098992294,0.6947243627741553,0.055720213,99.96,25.8,1.16
ALLENDALE,99.74,3239,2840,0.029,0.276,0.247,0.144,0.533,0.389,0.099,0.143,0.129,0.4172932330827067,0.2969924812030075,0.272,0.1,0.11,0.2165492957746478,0.307,0.075704225,0.1707746478873239,0.5809859154929577,0.1126760563380281,0.1919014084507042,0.1113320079522862,0.049295775,0.125,0.018796992,0.118,0.168,0.2834507042253521,0.2447183098591549,0.084507042,99.74,23.1,0.94
AMBLESIDE,99.94,2147,6730,0.046,0.2309999999999999,0.185,0.233,0.5900000000000001,0.357,0.0,0.078,0.046,0.0,0.0,0.144,0.064,0.09,0.3231797919762258,0.288,0.054977712,0.078751857,0.4019316493313521,0.054977712,0.1054977711738484,0.079457364,0.035661218,0.1560178306092124,0.038314176,0.049,0.086,0.1040118870728083,0.5267459138187222,0.055720654,99.94,26.0,1.14
ARGYLL,99.73,2139,790,0.0,0.0,0.0,0.176,0.176,0.0,0.0,0.04,0.064,0.7794117647058824,0.1617647058823529,0.0,0.0,0.18,0.1962025316455696,0.289,0.044303797,0.082278481,0.3417721518987341,0.037974684,0.1012658227848101,0.052238806,0.0,0.037974684,0.0,0.076,0.06,0.1075949367088607,0.1582278481012658,0.037974684,99.73,23.1,0.93
ASPEN GARDENS,99.79,2034,1570,0.052,0.052,0.0,0.15,0.15,0.0,0.0,0.044,0.064,0.042372881,0.8728813559322034,0.0,0.0,0.19,0.3184713375796178,0.294,0.038216561,0.057324841,0.2611464968152866,0.044585987,0.066878981,0.084291188,0.0,0.035031847,0.033898305,0.051,0.046,0.060509554,0.2388535031847133,0.070063694,99.79,22.9,0.99
ATHLONE,99.88,2589,3240,0.055,0.297,0.242,0.163,0.486,0.3229999999999999,0.047,0.083,0.072,0.3387096774193548,0.1693548387096774,0.048,0.048,0.14,0.324074074,0.247,0.074074074,0.103395062,0.5447530864197531,0.098765432,0.1049382716049382,0.2320441988950276,0.00462963,0.1111111111111111,0.040322581,0.083,0.092,0.097222222,0.4166666666666667,0.055555556,99.88,24.2,1.08
AVONMORE,99.84,2257,2150,0.066,0.066,0.0,0.152,0.361,0.209,0.0,0.022,0.031,0.6978021978021978,0.1593406593406593,0.08,0.0,0.19,0.2581395348837209,0.264,0.058139535,0.037209302,0.4325581395348837,0.1,0.1162790697674418,0.1436314363143631,0.006976744,0.060465116,0.0,0.035,0.038,0.1,0.1186046511627907,0.076744186,99.84,24.3,1.04
BALWIN,99.89,2887,4300,0.065,0.43,0.365,0.183,0.5429999999999999,0.36,0.1969999999999999,0.172,0.109,0.2188449848024316,0.541033435,0.124,0.038,0.12,0.3453488372093023,0.285,0.1302325581395348,0.1895348837209302,0.6802325581395349,0.1581395348837209,0.1011627906976744,0.3102453102453102,0.01627907,0.127906977,0.066869301,0.102,0.211,0.1651162790697674,0.4034883720930232,0.08255814,99.89,26.2,1.09
BANNERMAN,99.87,3834,2665,0.092,0.397,0.305,0.1689999999999999,0.4639999999999999,0.295,0.19,0.151,0.1,0.013888889,0.7314814814814815,0.088,0.052,0.18,0.3208255159474671,0.272,0.1275797373358349,0.1838649155722326,0.6097560975609756,0.1275797373358349,0.091932458,0.1954022988505747,0.015009381,0.069418386,0.041666667,0.107,0.174,0.1163227016885553,0.2288930581613508,0.073170732,99.87,26.0,1.07
BARANOW,99.89,3081,2285,0.096,0.318,0.222,0.294,0.636,0.342,0.144,0.126,0.066,0.015306122,0.015306122,0.12,0.0,0.11,0.3435448577680525,0.254,0.1006564551422319,0.1203501094091903,0.6411378555798687,0.1291028446389496,0.1663019693654266,0.1498559077809798,0.030634573,0.098468271,0.081632653,0.063,0.147,0.2407002188183807,0.6280087527352297,0.070021882,99.89,26.9,1.09
BATURYN,99.86,3425,4905,0.037,0.275,0.238,0.138,0.484,0.346,0.16,0.062,0.038,0.019607843,0.7647058823529411,0.078,0.0,0.17,0.3577981651376147,0.267,0.1264016309887869,0.069317023,0.5158002038735984,0.1162079510703364,0.076452599,0.175,0.003058104,0.060142712,0.056022409,0.034,0.084,0.082568807,0.3221202854230377,0.076452599,99.86,25.8,1.06
BEACON HEIGHTS,99.78,2539,2855,0.029,0.3369999999999999,0.308,0.086,0.4589999999999999,0.373,0.0,0.064,0.046,0.5394190871369294,0.3568464730290456,0.076,0.0,0.15,0.2749562171628721,0.232,0.1015761821366024,0.08056042,0.5464098073555166,0.1120840630472854,0.1138353765323993,0.236,0.007005254,0.057793345,0.041493776,0.038,0.071,0.1155866900175131,0.1716287215411558,0.098073555,99.78,24.5,0.98
BEARSPAW,99.86,2177,2135,0.056,0.256,0.2,0.123,0.123,0.0,0.267,0.06,0.028,0.0,0.146067416,0.064,0.0,0.27,0.2412177985948477,0.266,0.051522248,0.037470726,0.2997658079625293,0.070257611,0.096018735,0.080213904,0.007025761,0.079625293,0.028089888,0.02,0.064,0.032786885,0.2599531615925058,0.056206089,99.86,24.6,1.06
BEAUMARIS,99.86,3028,4525,0.1159999999999999,0.373,0.257,0.223,0.55,0.327,0.11,0.1119999999999999,0.06,0.023498695,0.3080939947780678,0.1,0.033,0.28,0.3038674033149171,0.281,0.086187845,0.1016574585635359,0.5569060773480663,0.1524861878453038,0.1502762430939226,0.2241153342070773,0.009944751,0.1060773480662983,0.049608355,0.064,0.132,0.1193370165745856,0.4729281767955801,0.068508287,99.86,25.2,1.06
BELGRAVIA,99.7,2510,2220,0.03,0.03,0.0,0.124,0.344,0.22,0.0,0.09,0.118,0.4611111111111111,0.077777778,0.0,0.0,0.23,0.2522522522522522,0.411,0.033783784,0.1013513513513513,0.2454954954954954,0.036036036,0.1058558558558558,0.063492063,0.038288288,0.1081081081081081,0.0,0.093,0.079,0.094594595,0.2207207207207207,0.045045045,99.7,21.1,0.9
BELLE RIVE,99.93,3058,3745,0.032,0.032,0.0,0.126,0.682,0.556,0.0,0.047,0.021,0.0,0.020833333,0.08,0.0,0.15,0.3684913217623498,0.246,0.053404539,0.038718291,0.3591455273698264,0.08411215,0.041388518,0.2087227414330218,0.010680908,0.068090788,0.041666667,0.023,0.063,0.022696929,0.575433912,0.064085447,99.93,26.5,1.13
BELLEVUE,99.71,1955,1025,0.081,0.322,0.241,0.1639999999999999,0.5429999999999999,0.379,0.0,0.096,0.062,0.7448979591836735,0.1326530612244898,0.15,0.0,0.14,0.1804878048780487,0.26,0.058536585,0.092682927,0.5121951219512195,0.092682927,0.1756097560975609,0.1428571428571428,0.009756098,0.048780488,0.030612245,0.066,0.104,0.1414634146341463,0.1073170731707317,0.068292683,99.71,25.1,0.91
BELMEAD,99.85,3417,4615,0.07,0.264,0.1939999999999999,0.162,0.437,0.275,0.204,0.091,0.068,0.036144578,0.6024096385542169,0.148,0.058,0.15,0.3477789815817985,0.248,0.096424702,0.1202600216684723,0.5492957746478874,0.085590466,0.073672806,0.172,0.013001083,0.1375947995666305,0.039156627,0.081,0.126,0.1115926327193932,0.4431202600216685,0.075839653,99.85,25.4,1.05
BELMONT,99.89,3957,5345,0.06,0.225,0.165,0.1969999999999999,0.42,0.223,0.092,0.086,0.067,0.0275,0.465,0.078,0.0,0.14,0.3610851262862488,0.268,0.1150608044901777,0.1066417212347988,0.558465856,0.1253507951356408,0.1010289990645463,0.2203592814371257,0.009354537,0.1515434985968194,0.0875,0.076,0.125,0.1225444340505145,0.4050514499532273,0.067352666,99.89,26.1,1.09
BELVEDERE,99.91,3180,5060,0.108,0.477,0.369,0.181,0.64,0.4589999999999999,0.134,0.165,0.143,0.1135371179039301,0.445414847,0.204,0.024,0.15,0.2915019762845849,0.271,0.1116600790513833,0.1966403162055336,0.6709486166007905,0.1393280632411067,0.1887351778656126,0.2557022809123649,0.02173913,0.1146245059288537,0.06768559,0.133,0.205,0.2292490118577075,0.3646245059288537,0.084980237,99.91,26.9,1.11
BERGMAN,99.87,1982,1555,0.087,0.087,0.0,0.171,0.171,0.0,0.0,0.074,0.028,0.2068965517241379,0.2758620689655172,0.0,0.0,0.17,0.3344051446945337,0.27,0.08681672,0.093247588,0.4983922829581994,0.1221864951768488,0.07073955,0.2244094488188976,0.0,0.019292605,0.0,0.027,0.114,0.032154341,0.2315112540192926,0.067524116,99.87,25.9,1.07
BEVERLY HEIGHTS,99.78,2338,3200,0.078,0.5359999999999999,0.4579999999999999,0.155,0.655,0.5,0.2019999999999999,0.135,0.1119999999999999,0.4493243243243243,0.4121621621621621,0.226,0.06,0.23,0.2421875,0.302,0.078125,0.1453125,0.5671875,0.1171875,0.1859375,0.2396226415094339,0.003125,0.0515625,0.033783784,0.102,0.166,0.1546875,0.14375,0.065625,99.78,24.8,0.98
BISSET,99.88,4047,3975,0.06,0.219,0.159,0.161,0.404,0.243,0.093,0.052,0.065,0.02173913,0.1884057971014492,0.052,0.0,0.11,0.3333333333333333,0.219,0.089308176,0.070440252,0.5547169811320755,0.1182389937106918,0.071698113,0.1463790446841294,0.067924528,0.2238993710691824,0.1050724637681159,0.058,0.053,0.1358490566037735,0.5748427672955975,0.065408805,99.88,25.6,1.08
BLACKBURNE,99.74,1575,1425,0.038,0.038,0.0,0.159,0.492,0.3329999999999999,0.0,0.044,0.0,0.0,0.017391304,0.0,0.0,0.26,0.2807017543859649,0.269,0.024561404,0.049122807,0.2596491228070175,0.031578947,0.094736842,0.099206349,0.007017544,0.049122807,0.0,0.0,0.052,0.028070175,0.3333333333333333,0.059649123,99.74,23.4,0.94
BLACKMUD CREEK,99.88,2914,2795,0.082,0.256,0.174,0.149,0.4679999999999999,0.319,0.0,0.066,0.042,0.009569378,0.009569378,0.1,0.0,0.13,0.3166368515205724,0.269,0.044722719,0.046511628,0.3452593917710196,0.084078712,0.078711986,0.082978723,0.005366726,0.084078712,0.023923445,0.031,0.062,0.085867621,0.4543828264758497,0.075134168,99.88,25.5,1.08
BLUE QUILL,99.85,4292,4645,0.071,0.305,0.2339999999999999,0.146,0.4539999999999999,0.308,0.095,0.126,0.095,0.021052632,0.5526315789473685,0.068,0.0,0.1,0.3078579117330463,0.304,0.08934338,0.1119483315392895,0.5780409041980624,0.12378902,0.1184068891280947,0.1148197596795727,0.060279871,0.2368137782561894,0.086842105,0.091,0.132,0.2389666307857911,0.5296017222820237,0.086114101,99.85,25.0,1.05
BLUE QUILL ESTATES,99.82,2170,1390,0.0,0.2,0.2,0.177,0.46,0.283,0.0,0.142,0.1,0.027272727,0.5,0.0,0.0,0.18,0.3237410071942446,0.468,0.086330935,0.1258992805755395,0.539568345,0.1151079136690647,0.1115107913669064,0.084444444,0.082733813,0.2122302158273381,0.054545455,0.096,0.159,0.1690647482014388,0.5,0.075539568,99.82,24.7,1.02
BONNIE DOON,99.77,3078,4820,0.081,0.362,0.281,0.188,0.6040000000000001,0.416,0.099,0.097,0.083,0.2330508474576271,0.2309322033898305,0.188,0.068,0.17,0.2323651452282157,0.324,0.067427386,0.1141078838174273,0.4263485477178423,0.1141078838174273,0.2064315352697095,0.1093366093366093,0.023858921,0.07780083,0.031779661,0.078,0.114,0.2406639004149377,0.1846473029045643,0.056016598,99.77,24.4,0.97
BOYLE STREET,99.87,7047,5665,0.156,0.477,0.321,0.276,0.682,0.406,0.222,0.2689999999999999,0.184,0.076379066,0.338048091,0.426,0.08,0.15,0.1571050308914386,0.313,0.081200353,0.2586054721977052,0.7422771403353927,0.1879964695498676,0.380406002,0.2011776251226693,0.038834951,0.1429832303618711,0.056577086,0.161,0.299,0.5375110326566638,0.4466019417475728,0.1191526919682259,99.87,25.9,1.07
BRANDER GARDENS,99.72,1841,2435,0.08,0.318,0.238,0.172,0.4589999999999999,0.287,0.161,0.145,0.082,0.00990099,0.8217821782178217,0.085,0.0,0.15,0.3141683778234086,0.357,0.084188912,0.1560574948665297,0.5071868583162218,0.069815195,0.1170431211498973,0.1204188481675392,0.008213552,0.09650924,0.044554455,0.073,0.152,0.1765913757700205,0.3059548254620123,0.063655031,99.72,23.3,0.92
BRECKENRIDGE GREENS,99.85,3174,1930,0.086,0.297,0.211,0.215,0.689,0.474,0.0,0.05,0.028,0.013513514,0.013513514,0.085,0.0,0.18,0.310880829,0.22,0.051813472,0.046632124,0.3860103626943005,0.054404145,0.093264249,0.1219512195121951,0.0,0.051813472,0.02027027,0.025,0.051,0.046632124,0.310880829,0.07253886,99.85,24.4,1.05
BRINTNELL,99.96,4707,6630,0.045,0.218,0.173,0.205,0.501,0.296,0.0,0.079,0.053,0.0,0.009803922,0.052,0.0,0.06,0.392156863,0.25,0.075414781,0.087481146,0.44494721,0.053544495,0.044494721,0.1965897693079237,0.015082956,0.1236802413273001,0.068627451,0.061,0.095,0.082202112,0.5452488687782805,0.063348416,99.96,25.9,1.16
BRITANNIA YOUNGSTOWN,99.84,2701,4350,0.055,0.4429999999999999,0.3879999999999999,0.163,0.602,0.439,0.171,0.156,0.126,0.3065693430656934,0.4306569343065693,0.258,0.06,0.16,0.2448275862068965,0.265,0.072413793,0.1712643678160919,0.6620689655172414,0.1241379310344827,0.2034482758620689,0.2559681697612732,0.014942529,0.1413793103448276,0.04136253,0.1119999999999999,0.173,0.2839080459770114,0.3310344827586207,0.072413793,99.84,24.9,1.04
BROOKSIDE,99.77,1247,1980,0.044,0.144,0.1,0.113,0.313,0.2,0.1,0.056,0.046,0.034722222,0.875,0.0,0.0,0.21,0.3459595959595959,0.326,0.075757576,0.063131313,0.308080808,0.045454545,0.063131313,0.1206349206349206,0.015151515,0.053030303,0.034722222,0.056,0.061,0.075757576,0.1691919191919192,0.037878788,99.77,24.1,0.97
BULYEA HEIGHTS,99.82,2070,3610,0.04,0.04,0.0,0.124,0.124,0.0,0.0,0.05,0.049,0.007843137,0.011764706,0.062,0.046,0.25,0.3240997229916897,0.315,0.056786704,0.063711911,0.2299168975069252,0.037396122,0.041551247,0.068219634,0.009695291,0.08033241,0.015686275,0.054,0.064,0.005540166,0.4293628808864266,0.052631579,99.82,24.3,1.02
CAERNARVON,99.88,3546,4555,0.078,0.276,0.198,0.179,0.482,0.303,0.141,0.1,0.058,0.028481013,0.7215189873417721,0.04,0.0,0.16,0.385290889,0.257,0.115257958,0.110867179,0.6114160263446762,0.137211855,0.076838639,0.2148876404494382,0.007683864,0.1097694840834248,0.069620253,0.06,0.134,0.1086717892425905,0.4763995609220636,0.083424808,99.88,25.5,1.08
CALDER,99.75,3111,4455,0.061,0.3429999999999999,0.282,0.198,0.607,0.409,0.052,0.148,0.114,0.4487534626038781,0.2936288088642659,0.208,0.072,0.12,0.3041526374859708,0.271,0.1144781144781144,0.1582491582491582,0.6487093153759821,0.1616161616161616,0.1402918069584736,0.2589531680440771,0.008978676,0.1234567901234567,0.074792244,0.105,0.1689999999999999,0.1930415263748597,0.3647586980920314,0.080808081,99.75,24.8,0.95
CALLAGHAN,99.94,4691,3940,0.048,0.201,0.153,0.201,0.511,0.31,0.03,0.09,0.061,0.009966777,0.0,0.08,0.0,0.07,0.3236040609137056,0.316,0.065989848,0.08248731,0.4695431472081218,0.074873096,0.083756345,0.093247588,0.02284264,0.1459390862944162,0.03654485,0.06,0.096,0.1675126903553299,0.5368020304568528,0.077411168,99.94,26.9,1.14
CALLINGWOOD NORTH,99.84,2737,2340,0.149,0.393,0.244,0.2269999999999999,0.5349999999999999,0.308,0.115,0.126,0.071,0.036363636,0.5545454545454546,0.24,0.05,0.12,0.2606837606837607,0.234,0.1025641025641025,0.1132478632478632,0.6773504273504274,0.1752136752136752,0.1688034188034188,0.1913265306122449,0.023504274,0.1645299145299145,0.068181818,0.059,0.143,0.2799145299145299,0.3119658119658119,0.085470085,99.84,25.4,1.04
CALLINGWOOD SOUTH,99.88,6932,5505,0.242,0.515,0.273,0.3329999999999999,0.7,0.367,0.07,0.177,0.139,0.04283054,0.3891992551210428,0.16,0.044,0.14,0.2851952770208901,0.256,0.1226158038147139,0.1771117166212534,0.7965485921889192,0.1916439600363306,0.2116257947320617,0.2094064949608062,0.029064487,0.2089009990917348,0.081936685,0.132,0.191,0.3760217983651226,0.407811081,0.1017257039055404,99.88,25.6,1.08
CAMERON HEIGHTS,99.9,1187,2220,0.0,0.0,0.0,0.1119999999999999,0.4449999999999999,0.3329999999999999,0.0,0.022,0.0,0.0,0.0,0.0,0.0,0.1,0.3648648648648648,0.301,0.065315315,0.018018018,0.1936936936936936,0.038288288,0.022522523,0.081632653,0.006756757,0.06981982,0.022222222,0.0,0.026,0.02027027,0.4481981981981981,0.040540541,99.9,23.9,1.1
CANON RIDGE,99.88,2543,2240,0.079,0.198,0.119,0.221,0.4499999999999999,0.2289999999999999,0.114,0.08,0.048,0.014285714,0.085714286,0.085,0.0,0.13,0.2901785714285714,0.251,0.125,0.098214286,0.5736607142857143,0.140625,0.1785714285714285,0.1620879120879121,0.008928571,0.087053571,0.047619048,0.051,0.132,0.15625,0.2834821428571428,0.073660714,99.88,26.4,1.08
CANORA,99.83,4072,3640,0.109,0.472,0.363,0.248,0.716,0.4679999999999999,0.147,0.163,0.126,0.135693215,0.4749262536873156,0.268,0.036,0.13,0.2843406593406593,0.262,0.1291208791208791,0.1717032967032967,0.7623626373626373,0.1565934065934066,0.2087912087912088,0.228099174,0.023351648,0.1208791208791208,0.041297935,0.105,0.173,0.3076923076923077,0.3008241758241758,0.096153846,99.83,25.1,1.03
CANOSSA,99.93,2546,3140,0.039,0.325,0.286,0.161,0.494,0.3329999999999999,0.0,0.059,0.04,0.0,0.010204082,0.07,0.07,0.08,0.3917197452229299,0.255,0.076433121,0.063694268,0.4060509554140127,0.095541401,0.038216561,0.1381443298969072,0.007961783,0.082802548,0.056122449,0.05,0.081,0.02388535,0.5238853503184714,0.063694268,99.93,26.1,1.13
CAPILANO,99.84,1927,2680,0.031,0.1979999999999999,0.1669999999999999,0.1119999999999999,0.39,0.278,0.0,0.015,0.029,0.7695852534562212,0.1751152073732718,0.056,0.024,0.21,0.2817164179104477,0.258,0.048507463,0.031716418,0.2574626865671642,0.029850746,0.082089552,0.090507726,0.0,0.007462687,0.0,0.022,0.024,0.035447761,0.054104478,0.065298507,99.84,23.8,1.04
CARLISLE,99.87,3900,3805,0.036,0.296,0.26,0.148,0.406,0.258,0.237,0.131,0.061,0.04494382,0.6928838951310862,0.052,0.0,0.14,0.3692509855453351,0.267,0.1156373193166885,0.1340341655716163,0.607095926,0.1195795006570302,0.064388962,0.1932624113475177,0.026281209,0.1314060446780552,0.074906367,0.073,0.17,0.1287779237844941,0.4967148488830486,0.069645204,99.87,25.2,1.07
CARLTON,99.93,4336,5520,0.049,0.181,0.132,0.215,0.573,0.358,0.0,0.051,0.025,0.0,0.0,0.036,0.0,0.08,0.4130434782608695,0.236,0.067028986,0.047101449,0.384963768,0.075181159,0.052536232,0.1549636803874092,0.012681159,0.097826087,0.069767442,0.028,0.065,0.049818841,0.5797101449275363,0.049818841,99.93,23.7,1.13
CARTER CREST,99.83,2149,1515,0.036,0.369,0.3329999999999999,0.162,0.7180000000000001,0.556,0.0,0.028,0.024,0.016528926,0.024793388,0.0,0.0,0.28,0.2871287128712871,0.368,0.059405941,0.0330033,0.231023102,0.066006601,0.079207921,0.08365019,0.0,0.062706271,0.041322314,0.017,0.038,0.02970297,0.4026402640264026,0.04950495,99.83,25.2,1.03
CASSELMAN,99.86,4008,3395,0.107,0.3939999999999999,0.287,0.2319999999999999,0.582,0.35,0.2019999999999999,0.1169999999999999,0.09,0.018315018,0.5494505494505495,0.172,0.0,0.14,0.337260677,0.264,0.1413843888070692,0.1281296023564064,0.6406480117820325,0.1163475699558173,0.1001472754050073,0.1623134328358209,0.011782032,0.1060382916053019,0.043956044,0.084,0.145,0.1516936671575846,0.3946980854197349,0.070692194,99.86,26.6,1.06
CAVANAGH,99.89,1144,2125,0.024,0.024,0.0,0.272,0.272,0.0,0.0,0.04,0.024,0.0,0.0,0.0,0.0,0.01,0.3717647058823529,0.221,0.037647059,0.04,0.5623529411764706,0.065882353,0.028235294,0.076923077,0.025882353,0.3058823529411765,0.037037037,0.017,0.036,0.023529412,0.788235294,0.056470588,99.89,23.6,1.09
CENTRAL MCDOUGALL,99.87,3773,4300,0.133,0.523,0.39,0.254,0.666,0.412,0.145,0.27,0.221,0.1847389558232931,0.3614457831325301,0.492,0.152,0.08,0.1941860465116279,0.311,0.081395349,0.2930232558139535,0.7965116279069767,0.2023255813953488,0.3325581395348837,0.2403718459495352,0.054651163,0.2686046511627907,0.1144578313253012,0.208,0.291,0.5046511627906977,0.5488372093023256,0.1069767441860465,99.87,25.6,1.07
CHAMBERY,99.94,3342,3140,0.036,0.226,0.19,0.165,0.498,0.3329999999999999,0.0,0.074,0.035,0.0,0.0,0.0,0.0,0.08,0.4378980891719745,0.275,0.084394904,0.081210191,0.4156050955414013,0.095541401,0.02866242,0.1995753715498938,0.01433121,0.060509554,0.065934066,0.052,0.104,0.066878981,0.5509554140127388,0.066878981,99.94,24.9,1.14
CHARLESWORTH,99.95,2898,7755,0.035,0.178,0.143,0.243,0.5429999999999999,0.3,0.0,0.041,0.031,0.0,0.005940594,0.144,0.0,0.03,0.3423597678916827,0.224,0.036750484,0.052869117,0.437137331,0.062540297,0.056737589,0.1242702251876563,0.030947776,0.2308188265635074,0.089108911,0.031,0.054,0.083816892,0.6802063185041909,0.06898775,99.95,26.0,1.15
CLAREVIEW TOWN CENTRE,99.96,2863,3845,0.072,0.283,0.211,0.191,0.48,0.289,0.033,0.14,0.106,0.0,0.024615385,0.12,0.0,0.04,0.2873862158647594,0.26,0.085825748,0.1430429128738621,0.6280884265279584,0.1443433029908972,0.1235370611183355,0.1487341772151898,0.055916775,0.2522756827048114,0.092307692,0.1,0.147,0.2392717815344603,0.6436931079323797,0.1027308192457737,99.96,25.7,1.16
CLOVERDALE,99.7,816,840,0.0,0.0,0.0,0.109,0.395,0.286,0.0,0.044,0.044,0.1058823529411764,0.035294118,0.0,0.0,0.06,0.1964285714285714,0.271,0.029761905,0.029761905,0.1309523809523809,0.0,0.2142857142857142,0.040268456,0.0,0.035714286,0.023529412,0.032,0.032,0.125,0.119047619,0.023809524,99.7,23.4,0.9
CRAWFORD PLAINS,99.86,3181,4405,0.054,0.206,0.152,0.17,0.443,0.273,0.0,0.049,0.028,0.013793103,0.3172413793103448,0.084,0.028,0.15,0.3507377979568672,0.274,0.090805902,0.063564132,0.4642451759364359,0.099886493,0.044267877,0.1476323119777158,0.01816118,0.1271282633371169,0.055172414,0.037,0.06,0.074914869,0.3961407491486947,0.080590238,99.86,25.2,1.06
CRESTWOOD,99.74,1940,2415,0.039,0.2759999999999999,0.237,0.1169999999999999,0.502,0.385,0.282,0.031,0.026,0.5284974093264249,0.1191709844559585,0.08,0.0,0.11,0.2877846790890269,0.434,0.043478261,0.02484472,0.2484472049689441,0.062111801,0.095238095,0.070904645,0.010351967,0.047619048,0.010362694,0.023,0.047,0.078674948,0.1532091097308488,0.045548654,99.74,23.5,0.94
CROMDALE,99.76,4700,1680,0.125,0.444,0.319,0.243,0.643,0.4,0.071,0.1939999999999999,0.15,0.1641791044776119,0.4676616915422885,0.14,0.0,0.27,0.1517857142857142,0.314,0.068452381,0.1964285714285714,0.6726190476190477,0.1458333333333333,0.3363095238095238,0.1672131147540983,0.026785714,0.1488095238095238,0.064676617,0.1369999999999999,0.184,0.375,0.3511904761904761,0.1071428571428571,99.76,25.1,0.96
CRYSTALLINA NERA WEST,99.94,3536,3975,0.026,0.182,0.156,0.221,0.59,0.369,0.0,0.057,0.043,0.006116208,0.006116208,0.0,0.0,0.14,0.3031446540880503,0.263,0.070440252,0.070440252,0.4490566037735849,0.075471698,0.1245283018867924,0.1188925081433224,0.020125786,0.1044025157232704,0.058103976,0.046,0.07,0.1660377358490566,0.5484276729559748,0.060377358,99.94,26.6,1.14
CUMBERLAND,99.91,4304,6570,0.041,0.159,0.118,0.163,0.368,0.205,0.0,0.044,0.03,0.0,0.014218009,0.032,0.0,0.03,0.380517504,0.245,0.070015221,0.04718417,0.3926940639269406,0.060121766,0.0456621,0.1671469740634005,0.00456621,0.076864536,0.047393365,0.033,0.055,0.058599696,0.5152207,0.059360731,99.91,25.2,1.11
CY BECKER,99.97,2150,2755,0.0,0.0,0.0,0.146,0.5630000000000001,0.417,0.0,0.0,0.0,0.0,0.011695906,0.0,0.0,0.09,0.3738656987295826,0.236,0.052631579,0.016333938,0.3357531760435571,0.047186933,0.030852995,0.095717884,0.0,0.1524500907441016,0.070175439,0.0,0.0,0.021778584,0.5916515426497277,0.049001815,99.97,26.8,1.17
DALY GROVE,99.88,3749,3380,0.083,0.296,0.213,0.182,0.432,0.25,0.192,0.098,0.061,0.020242915,0.4210526315789473,0.108,0.0,0.03,0.3195266272189349,0.241,0.093195266,0.1020710059171597,0.5325443786982249,0.088757396,0.081360947,0.1806569343065693,0.031065089,0.1168639053254437,0.048582996,0.061,0.115,0.1139053254437869,0.400887574,0.068047337,99.88,25.3,1.08
DECHENE,99.86,2240,1520,0.045,0.045,0.0,0.123,0.123,0.0,0.0,0.02,0.02,0.0,0.05,0.095,0.05,0.14,0.2763157894736842,0.222,0.029605263,0.046052632,0.2467105263157894,0.026315789,0.065789474,0.1135531135531135,0.0,0.055921053,0.0,0.03,0.044,0.019736842,0.2236842105263158,0.049342105,99.86,25.7,1.06
DECOTEAU,99.88,15,415,0.0,0.0,0.0,0.389,0.389,0.0,0.0,0.12,0.07,0.1428571428571428,0.3928571428571428,0.0,0.0,0.26,0.3614457831325301,0.298,0.048192771,0.1204819277108433,0.4819277108433735,0.0,0.096385542,0.2571428571428571,0.0,0.060240964,0.0,0.056,0.1119999999999999,0.096385542,0.180722892,0.108433735,99.88,20.6,1.08
DELTON,99.75,2822,2020,0.067,0.188,0.121,0.16,0.4529999999999999,0.293,0.0,0.073,0.07,0.5393939393939394,0.2242424242424242,0.17,0.0,0.12,0.3094059405940594,0.245,0.141089109,0.096534653,0.6039603960396039,0.1435643564356435,0.1361386138613861,0.2607449856733524,0.012376238,0.071782178,0.054545455,0.069,0.1,0.146039604,0.349009901,0.094059406,99.75,25.9,0.95
DELWOOD,99.91,2618,3620,0.083,0.301,0.218,0.147,0.522,0.375,0.053,0.095,0.064,0.1402877697841726,0.7841726618705036,0.1,0.0,0.15,0.3232044198895027,0.254,0.080110497,0.093922652,0.5662983425414365,0.1616022099447513,0.099447514,0.2255892255892256,0.004143646,0.062154696,0.035971223,0.058,0.107,0.080110497,0.2140883977900552,0.070441989,99.91,26.5,1.11
DESROCHERS AREA,99.97,1371,2140,0.031,0.031,0.0,0.1889999999999999,0.1889999999999999,0.0,0.0,0.0,0.0,0.015037594,0.0,0.0,0.0,0.18,0.36682243,0.201,0.044392523,0.0,0.3107476635514019,0.070093458,0.03271028,0.086153846,0.030373832,0.3177570093457944,0.037593985,0.0,0.0,0.01635514,0.8200934579439252,0.065420561,99.97,25.0,1.17
DONSDALE,99.74,1972,1205,0.0,0.0,0.0,0.154,0.154,0.0,0.0,0.0,0.0,0.0,0.025316456,0.0,0.0,0.04,0.3568464730290456,0.386,0.045643154,0.0,0.1493775933609958,0.0,0.033195021,0.11,0.0,0.01659751,0.025316456,0.0,0.0,0.0,0.3360995850622407,0.049792531,99.74,24.3,0.94
DOVERCOURT,99.76,2085,2140,0.063,0.179,0.1159999999999999,0.168,0.401,0.233,0.0,0.064,0.063,0.8295454545454546,0.1079545454545454,0.1,0.0,0.2,0.2803738317757009,0.243,0.08411215,0.065420561,0.4649532710280374,0.091121495,0.1074766355140186,0.154891304,0.009345794,0.056074766,0.034090909,0.055,0.066,0.102803738,0.1728971962616822,0.081775701,99.76,24.8,0.96
DOWNTOWN,99.88,5382,11430,0.066,0.249,0.183,0.233,0.5850000000000001,0.352,0.076,0.174,0.141,0.1067092651757188,0.3143769968051118,0.252,0.09,0.12,0.058180227,0.347,0.020997375,0.1762904636920385,0.5398075240594926,0.1259842519685039,0.4251968503937008,0.063153112,0.088363955,0.1815398075240595,0.034504792,0.136,0.182,0.5074365704286964,0.3766404199475066,0.1023622047244094,99.88,24.7,1.08
DUGGAN,99.85,3299,4445,0.047,0.236,0.1889999999999999,0.111,0.376,0.265,0.125,0.091,0.058,0.039548023,0.7033898305084746,0.066,0.024,0.09,0.3217097862767154,0.287,0.107986502,0.097862767,0.5084364454443194,0.1124859392575928,0.095613048,0.1178082191780822,0.021372328,0.1574803149606299,0.06779661,0.062,0.104,0.1529808773903262,0.3982002249718785,0.061867267,99.85,26.0,1.05
DUNLUCE,99.87,2736,6075,0.052,0.3,0.248,0.133,0.44,0.307,0.161,0.11,0.069,0.033613445,0.6029411764705882,0.088,0.028,0.15,0.3382716049382716,0.26,0.1275720164609053,0.1185185185185185,0.56872428,0.1201646090534979,0.098765432,0.1991911021233569,0.007407407,0.069958848,0.050420168,0.071,0.136,0.1382716049382716,0.3094650205761317,0.083950617,99.87,25.8,1.07
EASTWOOD,99.77,3651,3935,0.125,0.498,0.373,0.264,0.6890000000000001,0.425,0.178,0.159,0.124,0.2682926829268293,0.4173441734417344,0.332,0.074,0.15,0.2782719186785261,0.283,0.1397712833545108,0.1880559085133418,0.7662007623888183,0.193138501,0.2071156289707751,0.2953523238380809,0.00635324,0.1181702668360864,0.067750678,0.122,0.204,0.3074968233799237,0.3290978398983482,0.1003811944091486,99.77,25.1,0.97
EAUX CLAIRES,99.94,2885,3330,0.063,0.299,0.236,0.2269999999999999,0.518,0.291,0.055,0.061,0.041,0.0,0.0,0.18,0.0,0.14,0.3213213213213213,0.242,0.097597598,0.066066066,0.4654654654654654,0.085585586,0.1186186186186186,0.1960431654676259,0.0,0.094594595,0.04494382,0.046,0.087,0.084084084,0.524024024,0.076576577,99.94,26.6,1.14
EBBERS,99.97,2379,1225,0.0,0.0,0.0,0.163,0.163,0.0,0.0,0.0,0.0,0.0,0.0,0.0,0.0,0.15,0.3510204081632653,0.183,0.036734694,0.0,0.4285714285714285,0.0,0.1265306122448979,0.093406593,0.053061224,0.3020408163265306,0.032608696,0.0,0.067,0.044897959,0.710204082,0.032653061,99.97,25.6,1.17
EDGEMONT,99.76,1118,5050,0.045,0.127,0.082,0.239,0.525,0.286,0.0,0.042,0.032,0.005899705,0.01179941,0.0,0.0,0.03,0.3564356435643564,0.246,0.051485149,0.046534653,0.4089108910891089,0.043564356,0.055445545,0.078590786,0.018811881,0.196039604,0.032448378,0.03,0.045,0.04950495,0.5623762376237624,0.056435644,99.76,25.1,0.96
EDMONTON ENERGY AND TECHNOLOGY PARK,99.94,8,250,0.0,0.0,0.0,0.0,0.0,0.0,0.0,0.0,0.0,0.2222222222222222,0.2777777777777778,0.0,0.0,0.03,0.38,0.258,0.08,0.0,0.28,0.0,0.06,0.1666666666666666,0.0,0.0,0.0,0.0,0.0,0.08,0.1,0.08,99.94,19.4,1.14
EDMONTON SOUTH WEST,99.93,5,335,0.0,0.0,0.0,0.267,0.267,0.0,0.0,0.0,0.0,0.2413793103448276,0.4482758620689655,0.44,0.34,0.14,0.2985074626865671,0.41,0.044776119,0.1343283582089552,0.5074626865671642,0.0,0.1641791044776119,0.2131147540983606,0.0,0.0,0.0,0.085,0.128,0.1492537313432835,0.0,0.044776119,99.93,20.9,1.13
EKOTA,99.86,3062,2420,0.049,0.252,0.203,0.153,0.441,0.288,0.237,0.057,0.033,0.032786885,0.7868852459016393,0.05,0.0,0.27,0.3512396694214876,0.236,0.1219008264462809,0.059917355,0.5475206611570248,0.1590909090909091,0.076446281,0.1552631578947368,0.022727273,0.1487603305785124,0.071038251,0.032,0.079,0.1219008264462809,0.3698347107438016,0.08677686,99.86,25.7,1.06
ELLERSLIE,99.83,3796,5805,0.045,0.206,0.161,0.238,0.499,0.261,0.0,0.059,0.047,0.004938272,0.02962963,0.085,0.064,0.15,0.3557278208440999,0.235,0.068044789,0.063738157,0.4814814814814814,0.08957795,0.079242033,0.1219512195121951,0.027562446,0.1851851851851851,0.054320988,0.05,0.077,0.099052541,0.5857019810508183,0.066322136,99.83,23.4,1.03
ELMWOOD,99.88,2614,2705,0.066,0.2299999999999999,0.1639999999999999,0.1689999999999999,0.483,0.314,0.0,0.077,0.076,0.1855670103092783,0.7216494845360825,0.076,0.0,0.06,0.3345656192236599,0.237,0.1016635859519408,0.1201478743068391,0.589648799,0.11090573,0.081330869,0.1995464852607709,0.005545287,0.1238447319778188,0.072164948,0.076,0.095,0.1275415896487985,0.2846580406654344,0.088724584,99.88,24.6,1.08
ELMWOOD PARK,99.79,2521,1230,0.0,0.4529999999999999,0.4529999999999999,0.16,0.645,0.485,0.132,0.218,0.134,0.376068376,0.376068376,0.11,0.0,0.16,0.2357723577235772,0.278,0.1260162601626016,0.2032520325203252,0.6463414634146342,0.1178861788617886,0.1707317073170731,0.2238095238095238,0.0,0.056910569,0.034188034,0.1119999999999999,0.236,0.2723577235772357,0.2113821138211382,0.097560976,99.79,25.9,0.99
ELSINORE,99.89,2814,2585,0.027,0.173,0.146,0.122,0.503,0.381,0.0,0.057,0.035,0.0,0.015706806,0.0,0.0,0.15,0.3346228239845261,0.23,0.059961315,0.044487427,0.3481624758220503,0.063829787,0.075435203,0.146788991,0.007736944,0.054158607,0.02617801,0.036,0.068,0.083172147,0.4274661508704062,0.065764023,99.89,25.3,1.09
EMPIRE PARK,99.92,4495,4635,0.0,0.1889999999999999,0.1889999999999999,0.208,0.609,0.401,0.037,0.187,0.179,0.061926606,0.4862385321100917,0.12,0.085,0.2,0.2189859762675296,0.266,0.087378641,0.2060409924487594,0.7475728155339806,0.1423948220064725,0.1682847896440129,0.1217712177121771,0.1413160733549083,0.3020496224379719,0.096330275,0.159,0.188,0.413160734,0.4746494066882416,0.087378641,99.92,26.0,1.12
ERMINESKIN,99.89,4295,5140,0.048,0.263,0.215,0.173,0.5559999999999999,0.3829999999999999,0.069,0.127,0.096,0.036964981,0.3463035019455253,0.073,0.0,0.08,0.2237354085603113,0.294,0.081712062,0.1186770428015564,0.5632295719844358,0.11770428,0.2120622568093385,0.1212458286985539,0.040856031,0.1945525291828793,0.077821012,0.077,0.123,0.3365758754863813,0.4494163424124514,0.086575875,99.89,25.2,1.09
EVANSDALE,99.91,3558,5395,0.063,0.423,0.36,0.14,0.471,0.331,0.24,0.196,0.1009999999999999,0.08478803,0.7032418952618454,0.07,0.02,0.22,0.3697868396663577,0.295,0.108433735,0.1955514365152919,0.6858202038924931,0.1770157553290083,0.09360519,0.2700729927007299,0.012974977,0.1658943466172381,0.087281796,0.093,0.2269999999999999,0.1668211306765523,0.4810009267840593,0.083410565,99.91,26.2,1.11
EVERGREEN,99.72,2147,1430,0.098,0.098,0.0,0.15,0.4629999999999999,0.313,0.0,0.094,0.076,0.015503876,0.4341085271317829,0.18,0.06,0.16,0.2797202797202797,0.231,0.094405594,0.1223776223776223,0.6853146853146853,0.2027972027972027,0.1433566433566433,0.2946058091286307,0.0,0.020979021,0.031007752,0.074,0.121,0.055944056,0.059440559,0.1153846153846153,99.72,23.9,0.92
FALCONER HEIGHTS,99.82,2609,1670,0.028,0.028,0.0,0.092,0.092,0.0,0.0,0.0,0.0,0.0,0.0,0.048,0.0,0.2,0.3173652694610778,0.266,0.04491018,0.011976048,0.218562874,0.038922156,0.04491018,0.1099656357388316,0.0,0.062874251,0.016949153,0.0,0.027,0.026946108,0.5,0.071856287,99.82,25.2,1.02
FOREST HEIGHTS,99.75,2329,3995,0.05,0.296,0.246,0.14,0.547,0.407,0.086,0.091,0.073,0.392,0.3493333333333333,0.108,0.034,0.26,0.2352941176470588,0.332,0.073842303,0.098873592,0.3942428035043804,0.091364205,0.1664580725907384,0.116110305,0.007509387,0.046307885,0.013333333,0.062,0.104,0.1902377972465582,0.1376720901126408,0.082603254,99.75,23.2,0.95
FRASER,99.89,2694,3965,0.062,0.3389999999999999,0.2769999999999999,0.198,0.516,0.318,0.152,0.065,0.05,0.010238908,0.2389078498293515,0.052,0.0,0.18,0.3404791929382093,0.248,0.1172761664564943,0.078184111,0.4287515762925599,0.069356873,0.09331652,0.1759112519809825,0.008827238,0.081967213,0.058020478,0.05,0.076,0.081967213,0.3656998738965952,0.0592686,99.89,25.5,1.09
FULTON PLACE,99.85,2308,2345,0.054,0.324,0.27,0.107,0.4399999999999999,0.3329999999999999,0.154,0.05,0.052,0.6789473684210526,0.2,0.076,0.0,0.1,0.3006396588486141,0.236,0.093816631,0.053304904,0.3411513859275053,0.068230277,0.1066098081023454,0.1224489795918367,0.006396588,0.049040512,0.026315789,0.04,0.053,0.08315565,0.115138593,0.059701493,99.85,25.6,1.05
GARIEPY,99.79,2474,1800,0.078,0.078,0.0,0.162,0.412,0.25,0.0,0.052,0.038,0.0,0.6408450704225352,0.064,0.0,0.2,0.2972222222222222,0.301,0.033333333,0.066666667,0.3,0.030555556,0.097222222,0.1092715231788079,0.0,0.036111111,0.014084507,0.035,0.063,0.033333333,0.1833333333333333,0.047222222,99.79,25.6,0.99
GARNEAU,99.7,7892,6165,0.052,0.254,0.2019999999999999,0.245,0.742,0.497,0.076,0.282,0.267,0.143046358,0.3933774834437086,0.228,0.08,0.27,0.085158151,0.394,0.02757502,0.2903487429034874,0.6317923763179237,0.1086780210867802,0.3357664233576642,0.042132416,0.2133008921330089,0.2960259529602595,0.034437086,0.243,0.27,0.4833738848337388,0.429845904,0.094079481,99.7,23.2,0.9
GLASTONBURY,99.89,3361,6260,0.053,0.306,0.253,0.187,0.658,0.471,0.108,0.057,0.036,0.004149378,0.008298755,0.132,0.038,0.1,0.3242811501597444,0.269,0.063897764,0.057507987,0.3969648562300319,0.06629393,0.1022364217252396,0.125976563,0.007188498,0.1070287539936102,0.037344398,0.037,0.071,0.081469649,0.3498402555910543,0.058306709,99.89,24.8,1.09
GLENGARRY,99.9,2284,2995,0.08,0.316,0.236,0.139,0.523,0.384,0.068,0.079,0.057,0.1589958158995816,0.7154811715481172,0.1,0.0,0.13,0.332220367,0.223,0.1068447412353923,0.068447412,0.6176961602671118,0.1803005008347245,0.1218697829716193,0.2525458248472505,0.010016694,0.1285475792988314,0.075313808,0.044,0.082,0.1218697829716193,0.4908180300500834,0.076794658,99.9,26.9,1.1
GLENORA,99.67,2247,3530,0.078,0.2749999999999999,0.1969999999999999,0.205,0.5329999999999999,0.3279999999999999,0.104,0.058,0.04,0.4776632302405498,0.2302405498281786,0.096,0.0,0.2,0.2974504249291784,0.355,0.055240793,0.055240793,0.2903682719546742,0.075070822,0.1203966005665722,0.085178876,0.011331445,0.062322946,0.010309278,0.039,0.065,0.09631728,0.1841359773371104,0.049575071,99.67,23.4,0.87
GLENRIDDING HEIGHTS,99.95,4657,4340,0.055,0.055,0.0,0.238,0.552,0.314,0.0,0.041,0.03,0.0,0.0,0.33,0.24,0.18,0.358294931,0.243,0.052995392,0.051843318,0.402073733,0.084101382,0.055299539,0.067292645,0.025345622,0.2039170506912442,0.02020202,0.037,0.058,0.042626728,0.6394009216589862,0.052995392,99.95,26.8,1.15
GLENRIDDING RAVINE,99.92,250,885,0.0,0.0,0.0,0.2,0.2,0.0,0.0,0.0,0.0,0.0,0.0,0.0,0.0,0.03,0.3446327683615819,0.245,0.02259887,0.0,0.3050847457627119,0.1186440677966101,0.050847458,0.083333333,0.02259887,0.2937853107344633,0.032258065,0.0,0.0,0.0,0.7288135593220338,0.033898305,99.92,25.9,1.12
GLENWOOD,99.87,2871,4960,0.111,0.4599999999999999,0.349,0.22,0.629,0.409,0.165,0.1169999999999999,0.11,0.1959910913140311,0.3808463251670378,0.23,0.034,0.03,0.2862903225806452,0.264,0.096774194,0.1330645161290322,0.6723790322580645,0.1481854838709677,0.1794354838709677,0.1897983392645314,0.036290323,0.2036290322580645,0.073496659,0.095,0.154,0.25,0.4243951612903225,0.07358871,99.87,25.7,1.07
GOLD BAR,99.85,2185,2660,0.0,0.243,0.243,0.105,0.415,0.31,0.125,0.055,0.053,0.6517857142857143,0.2678571428571428,0.076,0.0,0.19,0.2725563909774436,0.244,0.052631579,0.067669173,0.4191729323308271,0.086466165,0.1165413533834586,0.1666666666666666,0.009398496,0.052631579,0.026785714,0.047,0.057,0.1353383458646616,0.1052631578947368,0.063909774,99.85,24.8,1.05
GOODRIDGE CORNERS,99.75,279,0,0.0,0.0,0.0,0.0,0.0,0.0,0.0,0.0,0.0,,,0.0,0.0,0.17,,0.0,,,,,,,,,,0.0,0.0,,,,99.75,20.7,0.95
GRANDVIEW HEIGHTS,99.75,1996,1030,0.0,0.0,0.0,0.136,0.136,0.0,0.0,0.072,0.0,0.1111111111111111,0.7777777777777778,0.0,0.0,0.25,0.3543689320388349,0.37,0.053398058,0.077669903,0.1990291262135922,0.0,0.053398058,0.073619632,0.0,0.072815534,0.0,0.0,0.079,0.029126214,0.3349514563106796,0.038834951,99.75,23.4,0.95
GRANVILLE,99.96,2206,3040,0.025,0.275,0.25,0.166,0.7160000000000001,0.55,0.0,0.018,0.033,0.0,0.0,0.13,0.0,0.08,0.3848684210526316,0.233,0.052631579,0.032894737,0.2680921052631579,0.054276316,0.032894737,0.1206896551724138,0.014802632,0.1282894736842105,0.049180328,0.027,0.031,0.032894737,0.5575657894736842,0.050986842,99.96,24.0,1.16
GRAYDON HILL,99.92,1239,1100,0.0,0.0,0.0,0.162,0.162,0.0,0.0,0.03,0.0,0.0,0.0,0.0,0.0,0.04,0.3,0.225,0.059090909,0.040909091,0.3409090909090909,0.022727273,0.040909091,0.046511628,0.027272727,0.1818181818181818,0.025974026,0.0,0.042,0.040909091,0.4636363636363636,0.05,99.92,22.4,1.12
GREENFIELD,99.82,2397,3635,0.034,0.222,0.188,0.086,0.386,0.3,0.0,0.04,0.028,0.024561404,0.9052631578947368,0.044,0.0,0.21,0.3191196698762035,0.283,0.078404402,0.046767538,0.3452544704264099,0.057771664,0.090784044,0.078202995,0.008253095,0.077028886,0.0,0.033,0.055,0.070151307,0.2035763411279229,0.055020633,99.82,25.3,1.02
GREENVIEW,99.84,2485,2825,0.042,0.167,0.125,0.124,0.314,0.19,0.163,0.06,0.048,0.009389671,0.7323943661971831,0.068,0.0,0.16,0.3044247787610619,0.252,0.065486726,0.049557522,0.4247787610619469,0.07079646,0.067256637,0.1419213973799126,0.014159292,0.097345133,0.03286385,0.042,0.063,0.076106195,0.2672566371681416,0.074336283,99.84,24.8,1.04
GRIESBACH,99.92,2490,6080,0.051,0.17,0.119,0.175,0.439,0.264,0.039,0.059,0.038,0.1621052631578947,0.073684211,0.08,0.048,0.1,0.3264802631578947,0.272,0.087171053,0.059210526,0.4078947368421052,0.063322368,0.09375,0.1381856540084388,0.005756579,0.074835526,0.04,0.042,0.07,0.1455592105263158,0.3536184210526316,0.056743421,99.92,25.7,1.12
GROVENOR,99.72,2622,2585,0.065,0.18,0.115,0.1669999999999999,0.393,0.226,0.0,0.046,0.035,0.4523809523809524,0.1666666666666666,0.12,0.076,0.12,0.3249516441005802,0.303,0.1141199226305609,0.058027079,0.4061895551257253,0.085106383,0.1141199226305609,0.1116504854368932,0.013539652,0.052224371,0.028571429,0.048,0.069,0.1025145067698259,0.1644100580270793,0.063829787,99.72,23.9,0.92
HADDOW,99.88,2703,4335,0.045,0.199,0.154,0.1639999999999999,0.5449999999999999,0.381,0.0,0.053,0.03,0.0,0.016129032,0.122,0.066,0.15,0.3494809688581315,0.3,0.040369089,0.053056517,0.2802768166089965,0.057670127,0.074971165,0.1089385474860335,0.010380623,0.098039216,0.029032258,0.036,0.067,0.047289504,0.4117647058823529,0.064590542,99.88,25.2,1.08
HAIRSINE,99.87,3655,2265,0.071,0.362,0.291,0.1939999999999999,0.577,0.3829999999999999,0.16,0.121,0.108,0.043010753,0.5483870967741935,0.095,0.0,0.13,0.3487858719646799,0.282,0.1611479028697571,0.1501103752759381,0.6578366445916115,0.1633554083885209,0.1125827814569536,0.217032967,0.008830022,0.1479028697571744,0.053763441,0.126,0.153,0.1788079470198675,0.3774834437086092,0.059602649,99.87,26.4,1.07
HAWKS RIDGE,99.81,584,970,0.0,0.0,0.0,0.156,0.156,0.0,0.0,0.0,0.032,0.0,0.0,0.0,0.0,0.03,0.3608247422680412,0.224,0.036082474,0.030927835,0.2319587628865979,0.0,0.041237113,0.099236641,0.0,0.036082474,0.030769231,0.032,0.0,0.0,0.2061855670103092,0.036082474,99.81,21.6,1.01
HAYS RIDGE AREA,99.77,295,580,0.0,0.0,0.0,0.179,0.179,0.0,0.0,0.0,0.0,0.0,0.0,0.0,0.0,0.1,0.3620689655172414,0.263,0.051724138,0.0,0.094827586,0.0,0.025862069,0.052083333,0.017241379,0.034482759,0.0,0.0,0.0,0.0,0.3793103448275862,0.051724138,99.77,22.4,0.97
HAZELDEAN,99.74,2809,3155,0.064,0.275,0.211,0.176,0.497,0.321,0.0,0.072,0.055,0.6139705882352942,0.1764705882352941,0.08,0.0,0.13,0.2725832012678288,0.253,0.099841521,0.071315372,0.4374009508716323,0.1077654516640253,0.1283676703645007,0.1425818882466281,0.00792393,0.033280507,0.040441176,0.05,0.085,0.1774960380348653,0.1030110935023771,0.082408875,99.74,24.1,0.94
HENDERSON ESTATES,99.76,2096,1595,0.035,0.035,0.0,0.127,0.127,0.0,0.0,0.024,0.024,0.0,0.016806723,0.0,0.0,0.26,0.3134796238244514,0.343,0.02507837,0.02507837,0.1347962382445141,0.018808777,0.056426332,0.090909091,0.0,0.043887147,0.0,0.025,0.025,0.006269592,0.3009404388714733,0.034482759,99.76,22.9,0.96
HIGH PARK,99.82,2114,1480,0.086,0.3359999999999999,0.25,0.147,0.514,0.367,0.0,0.092,0.06,0.48,0.368,0.12,0.0,0.03,0.2533783783783784,0.278,0.1351351351351351,0.1283783783783783,0.5574324324324325,0.084459459,0.125,0.2053231939163498,0.0,0.060810811,0.032,0.065,0.128,0.1013513513513513,0.2229729729729729,0.077702703,99.82,25.1,1.02
HIGHLANDS,99.67,2306,2710,0.047,0.355,0.308,0.129,0.536,0.407,0.278,0.059,0.044,0.7368421052631579,0.1133603238866396,0.156,0.04,0.22,0.2546125461254612,0.295,0.068265683,0.066420664,0.3542435424354243,0.1088560885608856,0.1420664206642066,0.106060606,0.0,0.022140221,0.020242915,0.05,0.088,0.097785978,0.079335793,0.055350554,99.67,24.0,0.87
HILLVIEW,99.85,3174,3490,0.041,0.3329999999999999,0.292,0.105,0.424,0.319,0.2339999999999999,0.105,0.056,0.022556391,0.6616541353383458,0.06,0.0,0.2,0.3237822349570201,0.265,0.1088825214899713,0.1060171919770773,0.49713467,0.1232091690544412,0.093123209,0.1790017211703958,0.02722063,0.1289398280802292,0.052631579,0.068,0.131,0.1332378223495702,0.3481375358166189,0.074498567,99.85,25.7,1.05
HODGSON,99.87,3219,2625,0.058,0.058,0.0,0.14,0.307,0.1669999999999999,0.0,0.057,0.048,0.015873016,0.0,0.06,0.0,0.17,0.3161904761904762,0.306,0.034285714,0.053333333,0.2742857142857143,0.047619048,0.07047619,0.091928251,0.015238095,0.1028571428571428,0.031746032,0.043,0.058,0.059047619,0.6095238095238096,0.066666667,99.87,25.2,1.07
HOLLICK-KENYON,99.94,4205,6730,0.038,0.198,0.16,0.14,0.451,0.311,0.0,0.062,0.05,0.006833713,0.011389522,0.04,0.0,0.17,0.3781575037147102,0.261,0.082466568,0.076523031,0.4309063893016345,0.060921248,0.05423477,0.179047619,0.017087667,0.1077265973254086,0.061503417,0.055,0.073,0.091381872,0.4992570579494799,0.078751857,99.94,27.3,1.14
HOLYROOD,99.71,2559,3200,0.03,0.282,0.252,0.099,0.519,0.42,0.045,0.086,0.077,0.6325088339222615,0.1837455830388692,0.104,0.0,0.09,0.2390625,0.269,0.065625,0.084375,0.3875,0.0625,0.1375,0.1236363636363636,0.0078125,0.05,0.035335689,0.057,0.08,0.175,0.134375,0.0796875,99.71,23.9,0.91
HOMESTEADER,99.91,2219,3915,0.079,0.285,0.206,0.144,0.477,0.3329999999999999,0.067,0.11,0.079,0.02919708,0.5985401459854015,0.08,0.0,0.18,0.3742017879948914,0.246,0.144316731,0.1162196679438058,0.6028097062579821,0.1455938697318007,0.06385696,0.2346089850249584,0.005108557,0.1047254150702426,0.087591241,0.09,0.148,0.1724137931034483,0.3959131545338442,0.075351213,99.91,25.9,1.11
HUDSON,99.93,2845,2725,0.028,0.176,0.148,0.172,0.529,0.357,0.0,0.046,0.029,0.0,0.0,0.085,0.0,0.13,0.4055045871559633,0.246,0.075229358,0.03853211,0.4477064220183486,0.089908257,0.060550459,0.1736111111111111,0.018348624,0.1137614678899082,0.1091954022988505,0.037,0.058,0.053211009,0.7009174311926606,0.071559633,99.93,24.8,1.13
IDYLWYLDE,99.75,2576,1725,0.113,0.526,0.413,0.231,0.719,0.488,0.185,0.075,0.058,0.4391534391534391,0.2486772486772486,0.228,0.0,0.14,0.1652173913043478,0.309,0.028985507,0.084057971,0.553623188,0.1710144927536231,0.263768116,0.1753246753246753,0.020289855,0.060869565,0.031746032,0.044,0.109,0.2376811594202898,0.1855072463768116,0.072463768,99.75,23.7,0.95
INGLEWOOD,99.73,4356,6945,0.083,0.416,0.3329999999999999,0.1689999999999999,0.5369999999999999,0.368,0.105,0.174,0.106,0.3283803863298662,0.3283803863298662,0.256,0.078,0.1,0.2447804175665946,0.288,0.086393089,0.1663066954643628,0.6947444204463643,0.1951043916486681,0.2102231821454283,0.1841186736474694,0.031677466,0.2073434125269978,0.1025260029717682,0.107,0.207,0.3513318934485241,0.386609071,0.076313895,99.73,24.5,0.93
JACKSON HEIGHTS,99.86,3349,4050,0.062,0.27,0.208,0.176,0.5680000000000001,0.392,0.192,0.065,0.049,0.007142857,0.032142857,0.1,0.028,0.26,0.3320987654320987,0.252,0.079012346,0.065432099,0.4271604938271605,0.07654321,0.054320988,0.1515151515151515,0.024691358,0.1012345679012345,0.082142857,0.046,0.078,0.065432099,0.5876543209876544,0.064197531,99.86,26.3,1.06
JAMIESON PLACE,99.84,3181,3855,0.028,0.028,0.0,0.135,0.349,0.214,0.0,0.044,0.04,0.007168459,0.05734767,0.044,0.036,0.11,0.324254215,0.236,0.051880674,0.044098573,0.3203631647211414,0.040207523,0.057068742,0.1080246913580246,0.003891051,0.057068742,0.035842294,0.037,0.042,0.035019455,0.311284047,0.060959792,99.84,24.5,1.04
JASPER PARK,99.86,2928,2040,0.092,0.417,0.325,0.247,0.654,0.407,0.0,0.141,0.106,0.3352272727272727,0.3863636363636363,0.11,0.0,0.18,0.2867647058823529,0.282,0.080882353,0.125,0.6151960784313726,0.1642156862745098,0.1568627450980392,0.1529051987767584,0.039215686,0.1642156862745098,0.056818182,0.105,0.165,0.213235294,0.3504901960784313,0.080882353,99.86,24.8,1.06
KAMEYOSEK,99.86,3779,2485,0.061,0.387,0.326,0.13,0.562,0.432,0.263,0.102,0.059,0.045918367,0.6020408163265306,0.14,0.064,0.15,0.3440643863179074,0.271,0.124748491,0.1428571428571428,0.6559356136820925,0.1529175050301811,0.1227364185110664,0.2382134,0.010060362,0.1307847082494969,0.086734694,0.067,0.138,0.1911468812877263,0.4366197183098591,0.1126760563380281,99.86,,1.06
KEHEEWIN,99.89,2072,2770,0.12,0.316,0.196,0.157,0.509,0.352,0.0,0.079,0.048,0.012875536,0.2188841201716738,0.1,0.0,0.12,0.2942238267148014,0.271,0.066787004,0.092057762,0.4422382671480144,0.1046931407942238,0.1281588447653429,0.1066098081023454,0.016245487,0.1191335740072202,0.042918455,0.039,0.111,0.09566787,0.3411552346570397,0.0433213,99.89,,1.09
KENILWORTH,99.89,2086,2535,0.03,0.193,0.163,0.125,0.39,0.265,0.0,0.042,0.04,0.1751152073732718,0.7419354838709677,0.096,0.0,0.2,0.2662721893491124,0.238,0.098619329,0.049309665,0.388560158,0.078895464,0.1124260355029585,0.1343963553530751,0.003944773,0.037475345,0.00921659,0.03,0.051,0.098619329,0.1124260355029585,0.061143984,99.89,26.1,1.09
KENSINGTON,99.88,2735,3460,0.084,0.2309999999999999,0.147,0.174,0.3979999999999999,0.2239999999999999,0.079,0.075,0.064,0.3491525423728813,0.4576271186440678,0.07,0.0,0.25,0.273121387,0.249,0.1026011560693641,0.070809249,0.5751445086705202,0.1531791907514451,0.1329479768786127,0.2168067226890756,0.011560694,0.085260116,0.054237288,0.05,0.078,0.1098265895953757,0.2644508670520231,0.063583815,99.88,27.5,1.08
KERNOHAN,99.87,2897,3060,0.045,0.2339999999999999,0.1889999999999999,0.153,0.369,0.216,0.132,0.045,0.034,0.008298755,0.5352697095435685,0.028,0.0,0.18,0.3022875816993464,0.235,0.093137255,0.055555556,0.4199346405228758,0.1176470588235294,0.091503268,0.1807465618860511,0.0,0.058823529,0.041493776,0.026,0.062,0.06372549,0.2271241830065359,0.070261438,99.87,26.4,1.07
KILDARE,99.89,2390,2720,0.075,0.53,0.455,0.1689999999999999,0.7069999999999999,0.5379999999999999,0.3329999999999999,0.096,0.074,0.039647577,0.7709251101321586,0.208,0.048,0.24,0.2959558823529412,0.264,0.119485294,0.1488970588235294,0.6341911764705882,0.1415441176470588,0.125,0.231651376,0.007352941,0.077205882,0.061674009,0.085,0.17,0.1415441176470588,0.2886029411764705,0.084558824,99.89,26.7,1.09
KILKENNY,99.91,3170,5380,0.041,0.3179999999999999,0.2769999999999999,0.142,0.504,0.362,0.079,0.092,0.061,0.057934509,0.6498740554156172,0.096,0.038,0.21,0.3643122676579926,0.271,0.1263940520446096,0.112453532,0.5752788104089219,0.1310408921933085,0.093866171,0.2474108170310702,0.01394052,0.1459107806691449,0.090680101,0.075,0.127,0.1394052044609665,0.4275092936802974,0.073420074,99.91,26.3,1.11
KILLARNEY,99.89,3059,3870,0.076,0.39,0.314,0.207,0.598,0.391,0.031,0.143,0.092,0.3482428115015974,0.4920127795527156,0.192,0.076,0.05,0.334625323,0.261,0.1550387596899224,0.1602067183462532,0.6627906976744186,0.1253229974160206,0.1356589147286821,0.2731629392971246,0.027131783,0.1511627906976744,0.086261981,0.106,0.186,0.2480620155038759,0.3565891472868217,0.1007751937984496,99.89,26.1,1.09
KING EDWARD PARK,99.77,3136,4820,0.031,0.265,0.2339999999999999,0.158,0.5640000000000001,0.406,0.073,0.122,0.107,0.35625,0.2604166666666667,0.1639999999999999,0.044,0.24,0.2105809128630705,0.279,0.072614108,0.1224066390041493,0.5186721991701245,0.1130705394190871,0.2012448132780083,0.1462829736211031,0.014522822,0.071576763,0.016666667,0.092,0.126,0.2282157676348547,0.2022821576763485,0.078838174,99.77,24.7,0.97
KINGLET GARDENS,99.8,90,365,0.0,0.0,0.0,0.182,0.182,0.0,0.0,0.0,0.0,0.0,0.3703703703703703,0.0,0.0,0.14,0.3013698630136986,0.278,0.068493151,0.0,0.3424657534246575,0.1095890410958904,0.082191781,0.1176470588235294,0.0,0.054794521,0.0,0.0,0.0,0.068493151,0.3013698630136986,0.1232876712328767,99.8,21.9,1.0
KINISKI GARDENS,99.76,3192,6465,0.041,0.2179999999999999,0.177,0.188,0.478,0.29,0.0,0.049,0.035,0.0,0.076212471,0.044,0.038,0.12,0.3333333333333333,0.244,0.071152359,0.05645785,0.4222737819025522,0.079659706,0.049497293,0.1367441860465116,0.023975251,0.1075019334880123,0.041570439,0.036,0.059,0.047950503,0.4524361948955916,0.075019335,99.76,25.8,0.96
KIRKNESS,99.92,4158,3995,0.063,0.36,0.297,0.183,0.5489999999999999,0.366,0.179,0.076,0.039,0.01980198,0.165016502,0.088,0.036,0.13,0.3429286608260325,0.252,0.1063829787234042,0.065081352,0.5193992490613266,0.1652065081351689,0.1063829787234042,0.2130637636080871,0.016270338,0.1214017521902378,0.056105611,0.037,0.087,0.1401752190237797,0.4918648310387985,0.068836045,99.92,26.1,1.12
KLARVATTEN,99.95,3362,6085,0.036,0.036,0.0,0.166,0.395,0.2289999999999999,0.0,0.045,0.034,0.0,0.010526316,0.072,0.048,0.21,0.3796220213640098,0.235,0.056696795,0.050123254,0.3853738701725555,0.052588332,0.037797864,0.1501564129301355,0.007395234,0.069022186,0.039473684,0.035,0.051,0.029580937,0.457682827,0.069843878,99.95,24.7,1.15
LA PERLE,99.85,3482,5025,0.067,0.253,0.186,0.163,0.4449999999999999,0.282,0.256,0.1,0.069,0.029255319,0.2526595744680851,0.096,0.0,0.12,0.3393034825870646,0.277,0.1074626865671641,0.098507463,0.5184079601990049,0.1313432835820895,0.088557214,0.1948842874543239,0.009950249,0.1144278606965174,0.04787234,0.066,0.12,0.117412935,0.382089552,0.085572139,99.85,26.0,1.05
LAGO LINDO,99.88,2768,3650,0.034,0.034,0.0,0.13,0.361,0.231,0.0,0.045,0.028,0.0,0.1722846441947565,0.044,0.034,0.12,0.3301369863013698,0.234,0.083561644,0.04109589,0.4054794520547945,0.065753425,0.054794521,0.1625615763546798,0.0,0.042465753,0.026217228,0.028,0.05,0.035616438,0.2904109589041095,0.063013699,99.88,,1.08
LANSDOWNE,99.8,1371,1275,0.0,0.31,0.31,0.132,0.556,0.424,0.0,0.052,0.048,0.02,0.86,0.0,0.0,0.07,0.3176470588235294,0.319,0.007843137,0.035294118,0.3176470588235294,0.043137255,0.1137254901960784,0.072115385,0.031372549,0.074509804,0.0,0.028,0.038,0.1254901960784313,0.192156863,0.043137255,99.8,24.3,1.0
LARKSPUR,99.9,3292,5400,0.052,0.208,0.156,0.163,0.451,0.288,0.0,0.049,0.026,0.0,0.024,0.048,0.0,0.14,0.3296296296296296,0.235,0.052777778,0.041666667,0.3925925925925926,0.072222222,0.072222222,0.1262349066959385,0.037962963,0.1583333333333333,0.093333333,0.021,0.055,0.062037037,0.5064814814814815,0.075,99.9,25.3,1.1
LAUDERDALE,99.84,2264,2630,0.105,0.363,0.258,0.178,0.4610000000000001,0.283,0.068,0.102,0.07,0.3952380952380952,0.4380952380952381,0.21,0.0,0.18,0.338403042,0.254,0.093155894,0.093155894,0.6330798479087453,0.1749049429657794,0.1254752851711026,0.243498818,0.019011407,0.155893536,0.095238095,0.07,0.135,0.1958174904942966,0.3783269961977186,0.076045627,99.84,25.3,1.04
LAUREL,99.98,5004,15050,0.034,0.18,0.146,0.292,0.5549999999999999,0.263,0.042,0.036,0.022,0.0,0.002531646,0.026,0.02,0.21,0.3777408637873754,0.21,0.042524917,0.040531561,0.5086378737541528,0.082059801,0.014950166,0.1545045045045045,0.064784053,0.3541528239202657,0.1253164556962025,0.024,0.045,0.055149502,0.8897009966777408,0.06013289,99.98,26.4,1.18
LAURIER HEIGHTS,99.77,1822,2575,0.0,0.0,0.0,0.093,0.6569999999999999,0.564,0.0,0.038,0.032,0.4716981132075472,0.4056603773584906,0.0,0.0,0.12,0.316504854,0.356,0.060194175,0.033009709,0.1844660194174757,0.042718447,0.1126213592233009,0.076738609,0.0,0.009708738,0.0,0.029,0.039,0.075728155,0.099029126,0.044660194,99.77,24.6,0.97
LEE RIDGE,99.86,3003,2840,0.076,0.366,0.29,0.15,0.4639999999999999,0.314,0.3289999999999999,0.138,0.082,0.044334975,0.8029556650246306,0.14,0.0,0.13,0.3714788732394366,0.258,0.1373239436619718,0.1338028169014084,0.5915492957746479,0.1355633802816901,0.088028169,0.2013729977116704,0.01056338,0.1549295774647887,0.1034482758620689,0.088,0.172,0.1232394366197183,0.4647887323943662,0.086267606,99.86,25.8,1.06
LEGER,99.92,2621,2585,0.069,0.069,0.0,0.172,0.522,0.35,0.0,0.049,0.044,0.0,0.0,0.0,0.0,0.06,0.3713733075435203,0.273,0.042553191,0.042553191,0.2940038684719536,0.067698259,0.058027079,0.1146788990825688,0.00967118,0.087040619,0.046783626,0.04,0.046,0.03868472,0.632495164,0.063829787,99.92,26.0,1.12
LENDRUM PLACE,99.84,2001,1695,0.03,0.313,0.283,0.129,0.546,0.417,0.0,0.07,0.1159999999999999,0.1342281879194631,0.7986577181208053,0.12,0.0,0.24,0.2330383480825958,0.281,0.056047198,0.1150442477876106,0.3864306784660767,0.050147493,0.1327433628318584,0.097972973,0.026548673,0.08259587,0.040268456,0.092,0.08,0.1415929203539823,0.1710914454277286,0.061946903,99.84,24.0,1.04
LORELEI,99.88,3408,3985,0.053,0.355,0.302,0.153,0.4369999999999999,0.284,0.211,0.13,0.082,0.035842294,0.5806451612903226,0.06,0.0,0.14,0.3914680050188205,0.28,0.1154328732747804,0.1392722710163111,0.5671267252195734,0.1204516938519447,0.070263488,0.2241935483870967,0.010037641,0.1091593475533249,0.089605735,0.084,0.16,0.1116687578419071,0.4855708908406524,0.074027604,99.88,25.5,1.08
LYMBURN,99.87,3323,5795,0.041,0.174,0.133,0.16,0.446,0.286,0.13,0.046,0.04,0.004728132,0.3995271867612293,0.074,0.024,0.16,0.3330457290767903,0.236,0.090595341,0.058671268,0.4417601380500431,0.050905953,0.070750647,0.1528795811518324,0.001725626,0.075927524,0.040189125,0.042,0.06,0.066436583,0.3201035375323555,0.075064711,99.87,25.4,1.07
LYNNWOOD,99.84,3591,3220,0.037,0.271,0.2339999999999999,0.132,0.47,0.3379999999999999,0.057,0.087,0.078,0.3840579710144927,0.5072463768115942,0.064,0.0,0.2,0.2732919254658385,0.268,0.085403727,0.1024844720496894,0.5046583850931677,0.108695652,0.1257763975155279,0.1197053406998158,0.055900621,0.1645962732919254,0.047101449,0.066,0.096,0.2189440993788819,0.2717391304347826,0.059006211,99.84,25.4,1.04
MACEWAN,99.92,4400,5950,0.074,0.192,0.118,0.223,0.537,0.314,0.023,0.066,0.052,0.007936508,0.0,0.14,0.0,0.18,0.2857142857142857,0.254,0.053781513,0.07394958,0.4554621848739495,0.088235294,0.134453782,0.092118731,0.028571429,0.1361344537815126,0.03968254,0.047,0.072,0.1781512605042017,0.5201680672268908,0.061344538,99.92,24.8,1.12
MACTAGGART,99.91,2257,3325,0.047,0.177,0.13,0.16,0.512,0.352,0.0,0.05,0.043,0.0,0.0,0.072,0.0,0.13,0.3308270676691729,0.326,0.045112782,0.045112782,0.2481203007518796,0.052631579,0.082706767,0.082706767,0.021052632,0.1428571428571428,0.02016129,0.035,0.05,0.1082706766917293,0.5864661654135338,0.052631579,99.91,26.8,1.11
MAGRATH HEIGHTS,99.87,2779,3945,0.029,0.179,0.15,0.165,0.514,0.349,0.0,0.076,0.054,0.0,0.007751938,0.076,0.0,0.14,0.385297845,0.352,0.044359949,0.069708492,0.2851711026615969,0.058301648,0.051964512,0.1022364217252396,0.022813688,0.1115335868187579,0.034883721,0.052,0.085,0.055766793,0.5487959442332065,0.0747782,99.87,26.1,1.07
MALMO PLAINS,99.84,2515,2200,0.034,0.17,0.136,0.143,0.499,0.356,0.0,0.114,0.1119999999999999,0.07253886,0.6476683937823834,0.104,0.072,0.11,0.2227272727272727,0.309,0.056818182,0.1340909090909091,0.4545454545454545,0.056818182,0.1068181818181818,0.1043257,0.031818182,0.1568181818181818,0.041450777,0.108,0.123,0.1659090909090909,0.35,0.081818182,99.84,24.3,1.04
MAPLE,99.9,2195,3885,0.02,0.183,0.163,0.285,0.558,0.273,0.0,0.042,0.026,0.0,0.0,0.0,0.0,0.14,0.35006435,0.216,0.045045045,0.046332046,0.4761904761904761,0.06048906,0.048906049,0.1016666666666666,0.066924067,0.25997426,0.06097561,0.026,0.048,0.057915058,0.7027027027027027,0.075933076,99.9,23.7,1.1
MAPLE RIDGE,99.82,2167,1680,0.099,0.257,0.158,0.111,0.411,0.3,0.0,0.124,0.122,0.012121212,0.5454545454545454,0.18,0.05,0.14,0.2023809523809523,0.254,0.083333333,0.1547619047619047,0.6101190476190477,0.1160714285714285,0.175595238,0.3120805369127516,0.0,0.041666667,0.036363636,0.113,0.146,0.0625,0.0625,0.1011904761904761,99.82,22.2,1.02
MATT BERRY,99.92,3606,3795,0.035,0.035,0.0,0.126,0.547,0.421,0.0,0.047,0.045,0.008064516,0.0,0.048,0.0,0.18,0.3715415019762846,0.235,0.050065876,0.04743083,0.3741765480895915,0.076416337,0.054018445,0.1952755905511811,0.010540184,0.052700922,0.032258065,0.039,0.051,0.025032938,0.5731225296442688,0.072463768,99.92,26.8,1.12
MAYFIELD,99.85,2236,1930,0.077,0.398,0.321,0.132,0.596,0.4639999999999999,0.0,0.05,0.034,0.686046512,0.2558139534883721,0.11,0.0,0.04,0.2512953367875647,0.24,0.075129534,0.077720207,0.4974093264248704,0.056994819,0.1295336787564766,0.1492537313432835,0.015544041,0.098445596,0.0,0.034,0.07,0.075129534,0.2020725388601036,0.07253886,99.85,25.5,1.05
MAYLIEWAN,99.94,3408,4120,0.056,0.291,0.235,0.128,0.481,0.353,0.0,0.042,0.026,0.0,0.011904762,0.044,0.0,0.21,0.3725728155339806,0.252,0.060679612,0.040048544,0.3980582524271844,0.087378641,0.031553398,0.2160228898426323,0.004854369,0.07038835,0.043650794,0.028,0.056,0.020631068,0.5303398058252428,0.058252427,99.94,26.7,1.14
MCCAULEY,99.87,2489,3355,0.111,0.52,0.409,0.13,0.5429999999999999,0.413,0.285,0.205,0.157,0.4169014084507042,0.2507042253521127,0.384,0.074,0.17,0.2160953800298062,0.308,0.086438152,0.2011922503725782,0.7704918032786885,0.2071535022354694,0.2921013412816691,0.32160804,0.035767511,0.1445603576751117,0.067605634,0.129,0.2339999999999999,0.3800298062593144,0.4947839046199702,0.092399404,99.87,25.6,1.07
MCKERNAN,99.67,2978,2580,0.04,0.11,0.07,0.163,0.582,0.419,0.0,0.1159999999999999,0.2289999999999999,0.4265402843601896,0.1232227488151658,0.0,0.0,0.17,0.187984496,0.317,0.046511628,0.2170542635658914,0.5077519379844961,0.1104651162790697,0.1201550387596899,0.041942605,0.089147287,0.1763565891472868,0.023696682,0.173,0.095,0.2073643410852713,0.3546511627906977,0.1007751937984496,99.67,23.5,0.87
MCLEOD,99.83,2541,2390,0.038,0.26,0.222,0.096,0.485,0.389,0.0,0.05,0.036,0.068571429,0.7485714285714286,0.028,0.0,0.17,0.3242677824267782,0.229,0.1108786610878661,0.048117155,0.3891213389121339,0.050209205,0.069037657,0.198547215,0.0041841,0.060669456,0.028571429,0.031,0.048,0.037656904,0.2656903765690376,0.048117155,99.83,26.0,1.03
MCQUEEN,99.82,2277,1475,0.043,0.288,0.245,0.1689999999999999,0.526,0.357,0.0,0.114,0.08,0.5714285714285714,0.2936507936507936,0.09,0.0,0.21,0.3152542372881356,0.41,0.084745763,0.1084745762711864,0.4847457627118644,0.081355932,0.1661016949152542,0.1625,0.033898305,0.1050847457627118,0.023809524,0.084,0.115,0.1864406779661017,0.1966101694915254,0.074576271,99.82,25.5,1.02
MEADOWLARK PARK,99.85,2395,2695,0.096,0.327,0.231,0.187,0.623,0.436,0.0,0.084,0.075,0.4032921810699588,0.3374485596707819,0.066,0.024,0.04,0.235621521,0.255,0.066790353,0.089053803,0.41187384,0.1224489795918367,0.1558441558441558,0.1334745762711864,0.00742115,0.1057513914656771,0.008230453,0.062,0.083,0.072356215,0.261595547,0.057513915,99.85,24.9,1.05
MENISA,99.84,2437,2390,0.079,0.31,0.231,0.143,0.328,0.185,0.148,0.044,0.028,0.0,0.7722222222222223,0.0,0.0,0.1,0.3075313807531381,0.244,0.1192468619246862,0.052301255,0.405857741,0.092050209,0.069037657,0.1691542288557214,0.006276151,0.050209205,0.033333333,0.028,0.066,0.056485356,0.20292887,0.073221757,99.84,25.4,1.04
MEYOKUMIN,99.87,2918,2945,0.044,0.247,0.203,0.162,0.495,0.3329999999999999,0.1969999999999999,0.077,0.072,0.024630542,0.625615764,0.056,0.0,0.22,0.3514431239388794,0.238,0.091680815,0.1018675721561969,0.565365025,0.1154499151103565,0.054329372,0.1645833333333333,0.042444822,0.132427844,0.044334975,0.065,0.093,0.1103565365025466,0.3904923599320883,0.073005093,99.87,25.5,1.07
MEYONOHK,99.87,3357,3060,0.066,0.235,0.1689999999999999,0.206,0.49,0.284,0.0,0.076,0.068,0.021834061,0.6812227074235808,0.08,0.036,0.15,0.3349673202614379,0.24,0.1258169934640522,0.094771242,0.5849673202614379,0.094771242,0.088235294,0.1706827309236948,0.031045752,0.098039216,0.065502183,0.077,0.096,0.1225490196078431,0.3382352941176471,0.062091503,99.87,25.6,1.07
MICHAELS PARK,99.88,2517,2055,0.089,0.203,0.114,0.198,0.455,0.257,0.257,0.092,0.082,0.01863354,0.8633540372670807,0.0,0.0,0.28,0.3309002433090024,0.283,0.1143552311435523,0.1094890510948905,0.5620437956204379,0.1265206812652068,0.082725061,0.1502890173410404,0.01216545,0.1143552311435523,0.049689441,0.074,0.09,0.087591241,0.4452554744525547,0.072992701,99.88,25.4,1.08
MILL WOODS TOWN CENTRE,99.93,2252,1065,0.2789999999999999,0.506,0.2269999999999999,0.419,0.81,0.391,0.0,0.136,0.124,0.0,0.097744361,0.1,0.0,0.22,0.1455399061032863,0.25,0.0657277,0.1126760563380281,0.7183098591549296,0.2065727699530516,0.3755868544600939,0.1846153846153846,0.070422535,0.2018779342723004,0.090225564,0.072,0.118,0.3333333333333333,0.431924883,0.075117371,99.93,26.3,1.13
MILLER,99.93,3964,3365,0.043,0.147,0.104,0.12,0.391,0.271,0.0,0.021,0.011,0.012875536,0.012875536,0.056,0.036,0.14,0.3580980683506686,0.213,0.05794948,0.020802377,0.4650817236255572,0.092124814,0.071322437,0.1741573033707865,0.013372957,0.1025260029717682,0.051502146,0.013,0.035,0.071322437,0.4487369985141159,0.066864785,99.93,27.2,1.13
MINCHAU,99.87,3345,3160,0.076,0.333,0.257,0.14,0.411,0.271,0.0,0.064,0.047,0.0,0.3392070484581498,0.108,0.0,0.16,0.3291139240506329,0.241,0.074367089,0.063291139,0.5775316455696202,0.1123417721518987,0.074367089,0.1673228346456693,0.026898734,0.1455696202531645,0.070484581,0.04,0.083,0.1091772151898734,0.3512658227848101,0.069620253,99.87,24.8,1.07
MONTROSE,99.78,2419,3265,0.087,0.4,0.313,0.184,0.5589999999999999,0.375,0.215,0.11,0.103,0.5157894736842106,0.2035087719298245,0.244,0.045,0.21,0.2679938744257274,0.249,0.091883614,0.1316998468606431,0.6186830015313936,0.1347626339969372,0.1607963246554364,0.2392857142857143,0.013782542,0.093415008,0.073684211,0.094,0.139,0.1852986217457886,0.3032159264931087,0.087289433,99.78,25.3,0.98
NEWTON,99.79,2737,2885,0.063,0.318,0.255,0.153,0.469,0.316,0.105,0.074,0.07,0.4612068965517241,0.271551724,0.156,0.056,0.41,0.2963604852686308,0.237,0.1265164644714038,0.1247833622183708,0.5753899480069324,0.079722704,0.1074523396880415,0.2198731501057082,0.008665511,0.062391681,0.030172414,0.079,0.109,0.097053726,0.1802426343154246,0.067590988,99.79,25.6,0.99
NORTH GLENORA,99.7,2353,2195,0.05,0.288,0.238,0.142,0.506,0.364,0.0,0.063,0.039,0.725609756,0.1402439024390244,0.12,0.0,0.15,0.3189066059225512,0.28,0.06833713,0.056947608,0.3917995444191344,0.079726651,0.075170843,0.098591549,0.01594533,0.097949886,0.024390244,0.033,0.074,0.1002277904328018,0.2346241457858769,0.063781321,99.7,23.7,0.9
NORTHMOUNT,99.91,2713,3300,0.1009999999999999,0.311,0.21,0.201,0.504,0.303,0.121,0.077,0.045,0.048979592,0.889795918,0.172,0.066,0.14,0.3651515151515151,0.261,0.1106060606060606,0.083333333,0.5757575757575758,0.1757575757575757,0.1136363636363636,0.291743119,0.007575758,0.074242424,0.06122449,0.058,0.129,0.098484848,0.35,0.074242424,99.91,26.3,1.11
OGILVIE RIDGE,99.78,1873,930,0.0,0.0,0.0,0.1009999999999999,0.1009999999999999,0.0,0.0,0.0,0.0,0.0,0.027777778,0.0,0.0,0.13,0.2688172043010752,0.36,0.032258065,0.048387097,0.2096774193548387,0.0,0.069892473,0.068322981,0.0,0.064516129,0.0,0.048,0.048,0.016129032,0.2956989247311828,0.037634409,99.78,24.1,0.98
OLESKIW,99.78,1685,2915,0.02,0.353,0.3329999999999999,0.102,0.519,0.417,0.0,0.061,0.053,0.0,0.1651376146788991,0.038,0.0,0.17,0.3104631217838765,0.509,0.039451115,0.053173242,0.2246998284734133,0.041166381,0.054888508,0.091649695,0.012006861,0.053173242,0.013761468,0.046,0.06,0.02058319,0.241852487,0.04974271,99.78,24.3,0.98
OLIVER,99.8,10091,17510,0.092,0.314,0.222,0.24,0.607,0.367,0.046,0.154,0.122,0.078628189,0.4843161856963613,0.149,0.034,0.11,0.073672187,0.347,0.028555111,0.1419189034837235,0.5559680182752713,0.1393489434608795,0.4286122215876642,0.075607561,0.043974872,0.1253569388920616,0.036386449,0.109,0.158,0.4920045688178184,0.2815533980582524,0.08452313,99.8,,1.0
ORMSBY PLACE,99.82,3496,5035,0.066,0.264,0.198,0.217,0.493,0.276,0.162,0.083,0.054,0.024128686,0.4932975871313673,0.044,0.02,0.22,0.3435948361469712,0.275,0.1151936444885799,0.109235353,0.5243296921549155,0.085402185,0.078450844,0.1608910891089109,0.009930487,0.095332671,0.048257373,0.062,0.115,0.099304866,0.3574975173783515,0.08142999,99.82,25.2,1.02
OTTEWELL,99.88,2291,5770,0.055,0.239,0.184,0.115,0.452,0.337,0.113,0.057,0.05,0.2643442622950819,0.6926229508196722,0.072,0.028,0.32,0.2738301559792028,0.263,0.055459272,0.065857886,0.363951473,0.074523397,0.1204506065857885,0.1275933609958506,0.002599653,0.031195841,0.018442623,0.046,0.061,0.091854419,0.1360485268630849,0.056325823,99.88,26.4,1.08
OVERLANDERS,99.87,3182,2765,0.0,0.319,0.319,0.154,0.611,0.457,0.099,0.155,0.067,0.03196347,0.4931506849315068,0.16,0.0,0.28,0.3707052441229656,0.265,0.1699819168173598,0.162748644,0.6853526220614828,0.1971066907775768,0.1193490054249547,0.2259615384615384,0.003616637,0.1139240506329113,0.054794521,0.062,0.195,0.2549728752260398,0.3381555153707052,0.066907776,99.87,26.0,1.07
OXFORD,99.92,3791,4440,0.057,0.152,0.095,0.162,0.389,0.2269999999999999,0.0,0.034,0.031,0.0,0.006872852,0.044,0.0,0.18,0.3783783783783784,0.236,0.058558559,0.032657658,0.4031531531531531,0.061936937,0.061936937,0.1374474053295932,0.003378378,0.068693694,0.04467354,0.031,0.037,0.048423423,0.5630630630630631,0.066441441,99.92,25.7,1.12
OZERNA,99.94,3884,4345,0.048,0.1679999999999999,0.12,0.161,0.392,0.231,0.0,0.053,0.04,0.014234875,0.035587189,0.124,0.04,0.14,0.3716915995397008,0.258,0.074798619,0.055235903,0.4326812428078251,0.1104718066743383,0.047180667,0.2075471698113207,0.01726122,0.055235903,0.03202847,0.044,0.08,0.029919448,0.5880322209436134,0.077100115,99.94,26.1,1.14
PAISLEY,99.98,1883,1755,0.034,0.034,0.0,0.138,0.491,0.353,0.0,0.036,0.024,0.0,0.0,0.0,0.0,0.19,0.3219373219373219,0.221,0.068376068,0.056980057,0.358974359,0.062678063,0.082621083,0.051383399,0.011396011,0.1452991452991453,0.014925373,0.032,0.052,0.048433048,0.4700854700854701,0.056980057,99.98,23.2,1.18
PARKALLEN,99.67,2653,2355,0.04,0.221,0.181,0.155,0.61,0.455,0.0,0.114,0.139,0.6618357487922706,0.1304347826086956,0.0,0.0,0.1,0.2356687898089172,0.295,0.048832272,0.1486199575371549,0.4437367303609342,0.070063694,0.1401273885350318,0.071078431,0.048832272,0.091295117,0.014492754,0.1159999999999999,0.105,0.1634819532908704,0.1443736730360934,0.059447983,99.67,23.6,0.87
PARKDALE,99.77,3775,3720,0.103,0.494,0.391,0.216,0.627,0.411,0.1639999999999999,0.1689999999999999,0.129,0.4186046511627907,0.1656976744186046,0.14,0.0,0.14,0.2432795698924731,0.257,0.1061827956989247,0.1801075268817204,0.6639784946236559,0.1451612903225806,0.1841397849462365,0.2453125,0.017473118,0.1330645161290322,0.072674419,0.1119999999999999,0.184,0.2123655913978494,0.3803763440860215,0.1088709677419354,99.77,25.0,0.97
PARKVIEW,99.75,2135,3375,0.038,0.143,0.105,0.106,0.3879999999999999,0.282,0.0,0.048,0.041,0.60311284,0.2607003891050584,0.068,0.0,0.16,0.3066666666666666,0.34,0.042962963,0.048888889,0.2311111111111111,0.032592593,0.078518519,0.089605735,0.004444444,0.017777778,0.015564202,0.038,0.056,0.057777778,0.1333333333333333,0.047407407,99.75,24.1,0.95
PATRICIA HEIGHTS,99.7,2692,1805,0.0,0.222,0.222,0.063,0.423,0.36,0.0,0.1,0.079,0.071942446,0.762589928,0.11,0.095,0.03,0.3240997229916897,0.356,0.1163434903047091,0.1024930747922437,0.3767313019390582,0.094182825,0.074792244,0.119205298,0.022160665,0.077562327,0.050359712,0.077,0.086,0.2105263157894736,0.2326869806094182,0.072022161,99.7,23.5,0.9
PEMBINA,99.95,2635,840,0.079,0.079,0.0,0.143,0.412,0.2689999999999999,0.0,0.066,0.048,0.02247191,0.0,0.14,0.0,0.11,0.2083333333333333,0.234,0.05952381,0.047619048,0.5416666666666666,0.095238095,0.244047619,0.1409395973154362,0.0,0.1726190476190476,0.033707865,0.04,0.084,0.1607142857142857,0.4345238095238095,0.041666667,99.95,24.7,1.15
PLEASANTVIEW,99.79,2679,4070,0.065,0.292,0.2269999999999999,0.176,0.521,0.345,0.053,0.103,0.096,0.1899441340782122,0.547486034,0.096,0.028,0.13,0.253071253,0.347,0.071253071,0.1228501228501228,0.5528255528255528,0.124078624,0.1425061425061425,0.1260744985673352,0.031941032,0.1609336609336609,0.036312849,0.084,0.106,0.2088452088452088,0.3525798525798526,0.076167076,99.79,23.8,0.99
POLLARD MEADOWS,99.87,4132,4170,0.093,0.375,0.282,0.218,0.5800000000000001,0.362,0.069,0.1119999999999999,0.1,0.016447368,0.4309210526315789,0.104,0.032,0.17,0.32853717,0.239,0.099520384,0.1235011990407673,0.6510791366906474,0.1103117505995203,0.082733813,0.1807407407407407,0.069544365,0.2314148681055156,0.1052631578947368,0.09,0.12,0.1558752997601918,0.565947242,0.069544365,99.87,25.9,1.07
POTTER GREENS,99.78,1251,1485,0.0,0.0,0.0,0.119,0.119,0.0,0.0,0.054,0.0,0.0,0.043859649,0.06,0.0,0.12,0.265993266,0.273,0.013468013,0.053872054,0.2525252525252525,0.043771044,0.070707071,0.1245421245421245,0.006734007,0.023569024,0.026315789,0.0,0.058,0.016835017,0.2996632996632997,0.050505051,99.78,23.2,0.98
PRINCE CHARLES,99.78,1856,1425,0.04,0.186,0.146,0.205,0.591,0.386,0.111,0.078,0.066,0.5528455284552846,0.1951219512195122,0.0,0.0,0.14,0.2736842105263158,0.245,0.087719298,0.077192982,0.5614035087719298,0.1087719298245614,0.1578947368421052,0.1731601731601731,0.007017544,0.052631579,0.056910569,0.062,0.082,0.1543859649122807,0.2280701754385964,0.059649123,99.78,24.3,0.98
PRINCE RUPERT,99.9,1142,1380,0.0,0.253,0.253,0.155,0.441,0.286,0.1009999999999999,0.1119999999999999,0.098,0.4855072463768116,0.2246376811594203,0.0,0.0,0.16,0.1992753623188405,0.257,0.054347826,0.1014492753623188,0.5434782608695652,0.1231884057971014,0.213768116,0.1497975708502024,0.018115942,0.1014492753623188,0.02173913,0.08,0.108,0.286231884,0.3514492753623188,0.1231884057971014,99.9,25.0,1.1
QUEEN ALEXANDRA,99.75,4047,4875,0.096,0.379,0.283,0.212,0.623,0.411,0.139,0.168,0.155,0.2122302158273381,0.381294964,0.3279999999999999,0.048,0.14,0.1589743589743589,0.342,0.048205128,0.1825641025641025,0.6092307692307692,0.1805128205128205,0.2994871794871795,0.075535513,0.1261538461538461,0.2174358974358974,0.043165468,0.134,0.1939999999999999,0.4133333333333333,0.32,0.087179487,99.75,24.4,0.95
QUEEN MARY PARK,99.81,4058,7755,0.084,0.363,0.2789999999999999,0.222,0.599,0.377,0.077,0.209,0.166,0.1676234213547646,0.3076923076923077,0.308,0.096,0.3,0.1727917472598323,0.3,0.063829787,0.2250161186331399,0.7369439071566731,0.1863313990973565,0.2952933591231463,0.1878209831254585,0.045776918,0.2488716956802063,0.092996556,0.163,0.235,0.4358478401031592,0.4809800128949065,0.1179883945841392,99.81,25.5,1.01
QUESNELL HEIGHTS,99.67,1348,325,0.0,0.0,0.0,0.0,0.0,0.0,0.0,0.0,0.0,0.08,0.84,0.0,0.0,0.12,0.3076923076923077,0.282,0.076923077,0.0,0.1384615384615384,0.0,0.046153846,0.0,0.0,0.0,0.0,0.0,0.0,0.0,0.076923077,0.0,99.67,23.1,0.87
RAMSAY HEIGHTS,99.76,2564,3250,0.039,0.315,0.276,0.099,0.503,0.4039999999999999,0.0,0.065,0.04,0.0,0.4,0.074,0.0,0.11,0.2938461538461538,0.444,0.064615385,0.063076923,0.4169230769230769,0.070769231,0.1153846153846153,0.084558824,0.015384615,0.089230769,0.044444444,0.03,0.073,0.1353846153846153,0.3015384615384615,0.064615385,99.76,22.7,0.96
RAPPERSWILL,99.91,2986,3730,0.0,0.0,0.0,0.176,0.4620000000000001,0.286,0.0,0.015,0.017,0.0,0.0,0.0,0.0,0.12,0.3954423592493297,0.218,0.048257373,0.024128686,0.3418230563002681,0.060321716,0.036193029,0.1031894934333958,0.012064343,0.131367292,0.080357143,0.02,0.019,0.018766756,0.6367292225201072,0.049597855,99.91,24.6,1.11
RHATIGAN RIDGE,99.81,2130,3125,0.009,0.009,0.0,0.087,0.087,0.0,0.0,0.034,0.022,0.009049774,0.040723982,0.0,0.0,0.08,0.312,0.334,0.0272,0.0304,0.1776,0.0272,0.0496,0.076481836,0.0064,0.0528,0.0,0.023,0.029,0.0048,0.3632,0.048,99.81,,1.01
RICHFIELD,99.86,3705,3405,0.094,0.283,0.1889999999999999,0.255,0.485,0.23,0.307,0.147,0.098,0.049107143,0.7276785714285714,0.06,0.0,0.29,0.4229074889867841,0.268,0.1380323054331864,0.1483113069016152,0.6622613803230544,0.1674008810572687,0.061674009,0.2266401590457256,0.017621145,0.2011747430249633,0.1383928571428571,0.103,0.19,0.1688693098384728,0.553597651,0.080763583,99.86,25.5,1.06
RICHFORD,99.74,1473,780,0.056,0.056,0.0,0.273,0.8180000000000001,0.545,0.0,0.064,0.048,0.0,0.03030303,0.07,0.0,0.22,0.2307692307692307,0.334,0.025641026,0.076923077,0.3205128205128205,0.083333333,0.1346153846153846,0.1267605633802817,0.019230769,0.08974359,0.0,0.044,0.068,0.070512821,0.5064102564102564,0.08974359,99.74,23.6,0.94
RIDEAU PARK,99.89,2074,1580,0.12,0.444,0.324,0.181,0.542,0.361,0.0,0.132,0.11,0.032051282,0.6282051282051282,0.21,0.05,0.05,0.2310126582278481,0.265,0.037974684,0.1075949367088607,0.4746835443037974,0.1392405063291139,0.2278481012658227,0.1330935251798561,0.03164557,0.1550632911392405,0.044871795,0.092,0.172,0.2341772151898734,0.2974683544303797,0.085443038,99.89,26.8,1.09
RIO TERRACE,99.75,1983,1240,0.0,0.0,0.0,0.095,0.095,0.0,0.0,0.0,0.0,0.2424242424242424,0.7272727272727273,0.0,0.0,0.27,0.2741935483870967,0.271,0.024193548,0.0,0.2016129032258064,0.040322581,0.088709677,0.06763285,0.0,0.02016129,0.0,0.0,0.028,0.02016129,0.076612903,0.048387097,99.75,23.6,0.95
RITCHIE,99.78,3328,4480,0.082,0.239,0.157,0.2019999999999999,0.5559999999999999,0.354,0.085,0.094,0.098,0.3192389006342495,0.1501057082452431,0.192,0.068,0.12,0.1584821428571428,0.312,0.042410714,0.1015625,0.4453125,0.1026785714285714,0.2265625,0.081784387,0.029017857,0.078125,0.019027484,0.089,0.106,0.25,0.1819196428571428,0.065848214,99.78,22.7,0.98
RIVERDALE,99.72,1910,2130,0.0,0.203,0.203,0.121,0.4589999999999999,0.3379999999999999,0.225,0.074,0.058,0.1275510204081632,0.2397959183673469,0.09,0.0,0.32,0.2323943661971831,0.305,0.061032864,0.0657277,0.3286384976525822,0.1009389671361502,0.1455399061032863,0.063888889,0.0,0.035211268,0.020408163,0.051,0.073,0.1666666666666666,0.1173708920187793,0.042253521,99.72,24.7,0.92
RIVERVIEW AREA,99.63,35,485,0.0,0.0,0.0,0.143,0.143,0.0,0.0,0.0,0.0,0.0,0.3666666666666666,0.0,0.0,0.24,0.3814432989690721,0.338,0.092783505,0.0,0.1134020618556701,0.0,0.030927835,0.1851851851851851,0.0,0.020618557,0.0,0.0,0.0,0.0,0.1649484536082474,0.041237113,99.63,19.7,0.83
ROSENTHAL,99.93,1858,4840,0.031,0.031,0.0,0.1889999999999999,0.4079999999999999,0.2189999999999999,0.0,0.028,0.027,0.005988024,0.0,0.11,0.0,0.2,0.3357438016528926,0.231,0.045454545,0.029958678,0.365702479,0.066115702,0.05785124,0.092245989,0.012396694,0.2117768595041322,0.02994012,0.028,0.035,0.033057851,0.5991735537190083,0.045454545,99.93,23.0,1.13
ROSSDALE,99.78,1002,1005,0.0,0.114,0.114,0.135,0.385,0.25,0.0,0.066,0.074,0.1530612244897959,0.1326530612244898,0.0,0.0,0.13,0.1741293532338308,0.32,0.024875622,0.064676617,0.3930348258706467,0.054726368,0.1741293532338308,0.044198895,0.089552239,0.1094527363184079,0.1020408163265306,0.062,0.056,0.2238805970149253,0.2437810945273631,0.07960199,99.78,25.0,0.98
ROSSLYN,99.89,2420,2930,0.075,0.45,0.375,0.136,0.636,0.5,0.273,0.058,0.06,0.2978723404255319,0.5659574468085107,0.208,0.032,0.2,0.3191126279863481,0.243,0.1075085324232082,0.090443686,0.6228668941979523,0.1535836177474402,0.1399317406143344,0.2661122661122661,0.018771331,0.1313993174061433,0.046808511,0.062,0.106,0.1501706484641638,0.3430034129692833,0.04778157,99.89,26.0,1.09
ROYAL GARDENS,99.87,2783,3490,0.092,0.242,0.15,0.1639999999999999,0.4569999999999999,0.293,0.084,0.1009999999999999,0.094,0.07518797,0.7669172932330827,0.08,0.052,0.22,0.3395415472779369,0.29,0.093123209,0.1246418338108882,0.5558739255014327,0.1160458452722063,0.097421203,0.1212121212121212,0.03008596,0.163323782,0.067669173,0.099,0.119,0.1719197707736389,0.4527220630372492,0.083094556,99.87,26.0,1.07
RUNDLE HEIGHTS,99.88,3499,3345,0.059,0.36,0.301,0.153,0.482,0.3289999999999999,0.1669999999999999,0.182,0.103,0.1003717472118959,0.6505576208178439,0.085,0.0,0.05,0.3408071748878923,0.271,0.1584454409566517,0.1494768310911808,0.7608370702541106,0.2212257100149476,0.1255605381165919,0.2549019607843137,0.004484305,0.1285500747384155,0.104089219,0.102,0.208,0.2257100149476831,0.358744395,0.080717489,99.88,26.8,1.08
RURAL NORTH EAST HORSE HILL,99.87,20,275,0.0,0.0,0.0,0.5710000000000001,0.5710000000000001,0.0,0.0,0.0,0.0,0.1176470588235294,0.4117647058823529,0.0,0.0,0.11,0.2363636363636363,0.282,0.054545455,0.1272727272727272,0.6909090909090909,0.2363636363636363,0.090909091,0.2727272727272727,0.0,0.0,0.1764705882352941,0.0,0.0,0.1454545454545454,0.2363636363636363,0.054545455,99.87,21.5,1.07
RUTHERFORD,99.88,5072,11115,0.045,0.18,0.135,0.179,0.483,0.304,0.0,0.058,0.046,0.004756243,0.0,0.108,0.048,0.2,0.336932074,0.263,0.050382366,0.057130004,0.3670715249662618,0.058929375,0.095366622,0.09249859,0.01754386,0.1434997750787224,0.03686088,0.046,0.064,0.096716149,0.5321637426900585,0.066126856,99.88,25.2,1.08
SAKAW,99.87,3252,4000,0.041,0.354,0.313,0.141,0.617,0.476,0.305,0.087,0.08,0.009868421,0.4736842105263157,0.114,0.0,0.13,0.315,0.26,0.09375,0.095,0.49875,0.10125,0.10625,0.1867469879518072,0.01625,0.125,0.049342105,0.079,0.1119999999999999,0.1325,0.4,0.06625,99.87,,1.07
SATOO,99.86,2285,3245,0.067,0.334,0.267,0.183,0.545,0.362,0.146,0.078,0.063,0.008196721,0.7131147540983607,0.032,0.0,0.11,0.325115562,0.256,0.1201848998459167,0.1155624036979969,0.4869029275808937,0.1047765793528505,0.078582435,0.1404805914972273,0.009244992,0.083204931,0.053278689,0.062,0.107,0.073959938,0.2388289676425269,0.07550077,99.86,26.1,1.06
SCHONSEE,99.98,3415,4615,0.042,0.407,0.365,0.207,0.8109999999999999,0.604,0.113,0.029,0.021,0.006289308,0.0,0.096,0.0,0.09,0.361863489,0.231,0.057421452,0.035752979,0.4322860238353196,0.086673889,0.073672806,0.1853932584269663,0.006500542,0.087757313,0.044025157,0.02,0.044,0.058504875,0.5969664138678223,0.07475623,99.98,26.4,1.18
SECORD,99.94,3046,8100,0.018,0.179,0.161,0.172,0.458,0.286,0.0,0.027,0.019,0.003968254,0.0,0.0,0.0,0.08,0.3796296296296296,0.214,0.045061728,0.038888889,0.3703703703703703,0.049382716,0.037037037,0.082191781,0.011111111,0.2061728395061728,0.077380952,0.02,0.034,0.038888889,0.6098765432098765,0.048765432,99.94,25.8,1.14
SHERBROOKE,99.75,2659,2405,0.05,0.3829999999999999,0.3329999999999999,0.156,0.556,0.4,0.075,0.108,0.119,0.6748768472906403,0.2019704433497537,0.11,0.0,0.18,0.2765072765072765,0.258,0.076923077,0.1413721413721413,0.5717255717255717,0.089397089,0.1309771309771309,0.1806930693069307,0.018711019,0.089397089,0.044334975,0.11,0.1169999999999999,0.1683991683991684,0.2349272349272349,0.0997921,99.75,,0.95
SHERWOOD,99.82,2893,1190,0.094,0.3279999999999999,0.2339999999999999,0.214,0.5469999999999999,0.3329999999999999,0.098,0.134,0.096,0.3773584905660377,0.3018867924528302,0.14,0.0,0.2,0.2394957983193277,0.273,0.075630252,0.134453782,0.5462184873949579,0.1512605042016806,0.1470588235294117,0.1481481481481481,0.008403361,0.075630252,0.075471698,0.098,0.144,0.2142857142857142,0.2521008403361344,0.1008403361344537,99.82,24.5,1.02
SIFTON PARK,99.88,4194,2095,0.0,0.294,0.294,0.051,0.388,0.337,0.142,0.188,0.138,0.073170732,0.6219512195121951,0.12,0.0,0.11,0.3556085918854415,0.289,0.1217183770883054,0.1861575178997613,0.6730310262529833,0.1766109785202864,0.1097852028639618,0.2613981762917933,0.042959427,0.2243436754176611,0.1524390243902439,0.15,0.196,0.2505966587112171,0.5369928400954654,0.069212411,99.88,27.3,1.08
SILVER BERRY,99.9,4151,8560,0.031,0.139,0.108,0.204,0.473,0.2689999999999999,0.0,0.032,0.026,0.0,0.004032258,0.068,0.0,0.03,0.375,0.224,0.068341121,0.04614486,0.4661214953271028,0.078271028,0.03796729,0.152317881,0.048481308,0.2389018691588785,0.1068548387096774,0.021,0.041,0.060747664,0.7213785046728972,0.069509346,99.9,25.3,1.1
SKYRATTLER,99.85,2460,2140,0.151,0.372,0.221,0.247,0.655,0.408,0.067,0.13,0.094,0.018779343,0.4366197183098591,0.11,0.0,0.14,0.2570093457943925,0.312,0.1004672897196261,0.1308411214953271,0.5887850467289719,0.1238317757009345,0.2126168224299065,0.1298342541436464,0.021028037,0.1401869158878504,0.084507042,0.092,0.1669999999999999,0.2780373831775701,0.352803738,0.081775701,99.85,25.6,1.05
SOUTH TERWILLEGAR,99.92,4333,9460,0.057,0.189,0.132,0.216,0.505,0.289,0.017,0.065,0.04,0.004043127,0.002695418,0.118,0.074,0.18,0.3144820295983087,0.28,0.069767442,0.078752643,0.428646934,0.067124736,0.095137421,0.083333333,0.026955603,0.1448202959830866,0.030997305,0.048,0.085,0.1284355179704017,0.5121564482029598,0.071353066,99.92,26.7,1.12
SPRUCE AVENUE,99.84,1500,1725,0.073,0.2779999999999999,0.205,0.196,0.5409999999999999,0.345,0.045,0.13,0.126,0.4896551724137931,0.2689655172413793,0.19,0.0,0.12,0.2782608695652174,0.27,0.1159420289855072,0.1565217391304348,0.6985507246376812,0.1507246376811594,0.136231884,0.1972318339100346,0.0,0.1159420289855072,0.089655172,0.106,0.134,0.2550724637681159,0.3333333333333333,0.1072463768115942,99.84,25.7,1.04
STARLING,99.82,1115,2045,0.021,0.021,0.0,0.142,0.142,0.0,0.0,0.019,0.014,0.0,0.0,0.0,0.0,0.07,0.3251833740831296,0.235,0.053789731,0.026894866,0.1491442542787286,0.0,0.053789731,0.086538462,0.009779951,0.061124694,0.0,0.012,0.02,0.017114914,0.2591687041564792,0.046454768,99.82,21.6,1.02
STEINHAUER,99.86,2245,2020,0.072,0.222,0.15,0.1639999999999999,0.402,0.238,0.286,0.082,0.048,0.013422819,0.8993288590604027,0.072,0.0,0.14,0.3168316831683168,0.258,0.056930693,0.054455446,0.3514851485148514,0.1262376237623762,0.074257426,0.1242603550295858,0.012376238,0.071782178,0.026845638,0.046,0.094,0.051980198,0.3762376237623762,0.054455446,99.86,25.7,1.06
STEWART GREENS,99.94,1752,1460,0.0,0.0,0.0,0.238,0.238,0.0,0.0,0.0,0.0,0.0,0.034883721,0.0,0.0,0.08,0.4006849315068493,0.219,0.047945205,0.030821918,0.3527397260273973,0.02739726,0.037671233,0.072815534,0.037671233,0.2260273972602739,0.023255814,0.0,0.0,0.023972603,0.6061643835616438,0.065068493,99.94,25.2,1.14
STILLWATER,99.89,263,925,0.059,0.059,0.0,0.1969999999999999,0.1969999999999999,0.0,0.0,0.06,0.0,0.0,0.04,0.0,0.0,0.1,0.2594594594594595,0.226,0.027027027,0.037837838,0.3891891891891892,0.032432432,0.081081081,0.056338028,0.016216216,0.1567567567567567,0.026666667,0.0,0.048,0.016216216,0.5135135135135135,0.064864865,99.89,23.0,1.09
STRATHCONA,99.71,5377,8795,0.071,0.302,0.231,0.178,0.5750000000000001,0.397,0.064,0.151,0.121,0.2281039461020211,0.395572666,0.196,0.046,0.03,0.1245025582717453,0.369,0.040363843,0.1574758385446276,0.550312678,0.1404206935758954,0.3075611142694713,0.069753086,0.078453667,0.1421262080727686,0.034648701,0.108,0.155,0.4161455372370665,0.252416146,0.085275725,99.71,21.2,0.91
STRATHEARN,99.77,3168,2445,0.046,0.37,0.324,0.111,0.539,0.428,0.287,0.121,0.061,0.5251798561151079,0.1942446043165467,0.36,0.04,0.19,0.2024539877300613,0.357,0.057259714,0.098159509,0.5685071574642127,0.1758691206543967,0.310838446,0.1020881670533642,0.016359918,0.071574642,0.010791367,0.048,0.163,0.3844580777096114,0.1411042944785276,0.069529652,99.77,23.5,0.97
SUDER GREENS,99.91,3303,3385,0.043,0.154,0.111,0.175,0.601,0.426,0.0,0.048,0.024,0.0,0.0,0.076,0.0,0.04,0.3722304283604136,0.237,0.084194978,0.044313146,0.3707533234859675,0.056129985,0.072378139,0.1477272727272727,0.014771049,0.076809453,0.042372881,0.03,0.056,0.067946824,0.431314623,0.066469719,99.91,25.5,1.11
SUMMERLEA,99.92,1805,1925,0.123,0.331,0.208,0.217,0.609,0.392,0.053,0.086,0.054,0.027777778,0.25,0.104,0.045,0.03,0.2441558441558441,0.267,0.093506494,0.085714286,0.6077922077922078,0.098701299,0.1532467532467532,0.1632653061224489,0.005194805,0.093506494,0.027777778,0.046,0.092,0.1922077922077922,0.3324675324675324,0.064935065,99.92,26.4,1.12
SUMMERSIDE,99.94,4250,17065,0.029,0.1709999999999999,0.142,0.186,0.544,0.358,0.0,0.041,0.031,0.002724796,0.0,0.054,0.0,0.13,0.3747436273073542,0.248,0.057134486,0.040726633,0.3302080281277468,0.051567536,0.050688544,0.113244514,0.019630823,0.1254028713741576,0.04359673,0.03,0.044,0.067096396,0.5101084090243188,0.056548491,99.94,25.0,1.14
SWEET GRASS,99.83,2825,2565,0.087,0.251,0.1639999999999999,0.142,0.48,0.3379999999999999,0.2339999999999999,0.114,0.078,0.019704433,0.7487684729064039,0.088,0.0,0.24,0.32748538,0.32,0.091617934,0.1228070175438596,0.5146198830409356,0.087719298,0.097465887,0.1102941176470588,0.013645224,0.1228070175438596,0.0591133,0.085,0.151,0.1500974658869395,0.3976608187134502,0.070175439,99.83,25.5,1.03
TAMARACK,99.95,2608,6965,0.047,0.196,0.149,0.245,0.512,0.267,0.05,0.052,0.036,0.005012531,0.007518797,0.12,0.0,0.1,0.3711414213926777,0.207,0.04379038,0.056712132,0.5168700646087581,0.066044508,0.035893754,0.1574803149606299,0.061019383,0.3165829145728643,0.1177944862155388,0.036,0.067,0.071787509,0.7444364680545585,0.054558507,99.95,25.4,1.15
TAWA,99.91,3138,1755,0.133,0.309,0.176,0.31,0.565,0.255,0.098,0.08,0.062,0.011976048,0.035928144,0.156,0.036,0.24,0.2564102564102564,0.219,0.062678063,0.091168091,0.6552706552706553,0.168091168,0.1851851851851851,0.1331168831168831,0.031339031,0.1452991452991453,0.05988024,0.047,0.096,0.1452991452991453,0.4985754985754986,0.068376068,99.91,26.7,1.11
TERRA LOSA,99.9,2872,1985,0.133,0.357,0.2239999999999999,0.243,0.613,0.37,0.0,0.126,0.094,0.012396694,0.053719008,0.096,0.0,0.06,0.1360201511335012,0.251,0.060453401,0.090680101,0.5541561712846348,0.1360201511335012,0.3400503778337531,0.1010928961748633,0.022670025,0.068010076,0.02892562,0.056,0.123,0.1385390428211587,0.2569269521410579,0.062972292,99.9,25.4,1.1
TERRACE HEIGHTS,99.82,2622,1985,0.033,0.299,0.266,0.144,0.516,0.372,0.061,0.108,0.044,0.4068627450980392,0.4411764705882353,0.085,0.0,0.18,0.2392947103274559,0.274,0.083123426,0.098236776,0.5566750629722922,0.1209068010075566,0.234256927,0.1531791907514451,0.022670025,0.1183879093198992,0.034313725,0.038,0.109,0.2871536523929471,0.2443324937027707,0.068010076,99.82,24.3,1.02
TERWILLEGAR TOWNE,99.87,3355,6060,0.043,0.145,0.102,0.154,0.543,0.389,0.0,0.055,0.028,0.0,0.004926108,0.0,0.0,0.05,0.3910891089108911,0.292,0.060231023,0.055280528,0.3217821782178218,0.056930693,0.051980198,0.1146161934805467,0.01320132,0.086633663,0.017241379,0.033,0.06,0.044554455,0.3803630363036304,0.051980198,99.87,25.5,1.07
THE HAMPTONS,99.89,4117,12800,0.042,0.162,0.12,0.192,0.527,0.335,0.016,0.04,0.032,0.0,0.0,0.08,0.04,0.26,0.36953125,0.233,0.061328125,0.04609375,0.34453125,0.05703125,0.069140625,0.1275510204081632,0.01171875,0.100390625,0.04638009,0.034,0.049,0.1,0.441796875,0.0734375,99.89,25.7,1.09
THE ORCHARDS AT ELLERSLIE,99.97,1529,6140,0.022,0.022,0.0,0.215,0.407,0.192,0.0,0.022,0.016,0.004878049,0.0,0.0,0.0,0.4,0.3436482084690553,0.222,0.035016287,0.029315961,0.3656351791530944,0.04723127,0.048859935,0.06615215,0.018729642,0.2182410423452769,0.051219512,0.016,0.026,0.042345277,0.6351791530944625,0.050488599,99.97,24.6,1.17
THE UPLANDS,99.93,226,880,0.0,0.0,0.0,0.15,0.15,0.0,0.0,0.0,0.04,0.0,0.031746032,0.0,0.0,0.16,0.3125,0.272,0.039772727,0.039772727,0.3011363636363636,0.039772727,0.0625,0.045454545,0.011363636,0.1136363636363636,0.063492063,0.038,0.0,0.017045455,0.4147727272727273,0.079545455,99.93,23.6,1.13
THORNCLIFF,99.85,3988,3545,0.07,0.271,0.201,0.235,0.571,0.336,0.0,0.078,0.063,0.036,0.804,0.124,0.0,0.08,0.3483779971791255,0.216,0.1325811001410437,0.097320169,0.6544428772919605,0.1424541607898448,0.070521862,0.1602787456445993,0.035260931,0.2849083215796897,0.104,0.056,0.109,0.1904090267983074,0.5585331452750353,0.088857546,99.85,26.4,1.05
TIPASKAN,99.89,3535,2775,0.055,0.367,0.312,0.118,0.55,0.432,0.095,0.168,0.084,0.014563107,0.6601941747572816,0.148,0.076,0.06,0.3351351351351351,0.268,0.093693694,0.1441441441441441,0.6360360360360361,0.1603603603603603,0.079279279,0.1762013729977116,0.025225225,0.1945945945945946,0.087378641,0.092,0.188,0.1729729729729729,0.5657657657657658,0.072072072,99.89,25.4,1.09
TRUMPETER AREA,99.75,740,2035,0.041,0.041,0.0,0.151,0.151,0.0,0.0,0.04,0.01,0.0,0.019230769,0.0,0.0,0.03,0.3022113022113022,0.229,0.044226044,0.029484029,0.226044226,0.054054054,0.078624079,0.057877814,0.0,0.051597052,0.025641026,0.008,0.042,0.022113022,0.2678132678132678,0.039312039,99.75,19.1,0.95
TWEDDLE PLACE,99.87,2729,3080,0.065,0.302,0.237,0.1369999999999999,0.4269999999999999,0.29,0.172,0.094,0.067,0.01826484,0.7442922374429224,0.148,0.0,0.03,0.3538961038961039,0.271,0.073051948,0.1477272727272727,0.6412337662337663,0.1266233766233766,0.056818182,0.1812627291242362,0.029220779,0.1607142857142857,0.1141552511415525,0.078,0.144,0.1509740259740259,0.5016233766233766,0.063311688,99.87,25.5,1.07
TWIN BROOKS,99.84,2228,6195,0.054,0.054,0.0,0.147,0.48,0.3329999999999999,0.0,0.035,0.023,0.004424779,0.019911504,0.058,0.015,0.12,0.3171912832929782,0.287,0.037933818,0.027441485,0.2372881355932203,0.046811945,0.066182405,0.078358209,0.00645682,0.0645682,0.008849558,0.017,0.041,0.01937046,0.4560129136400322,0.063761098,99.84,25.2,1.04
UNIVERSITY OF ALBERTA,99.83,228,215,0.0,0.0,0.0,0.0,0.0,0.0,0.0,0.0,0.0,0.0,0.6333333333333333,0.0,0.0,0.11,0.093023256,0.0,0.0,0.0,0.0,0.0,0.4883720930232558,0.0,0.4651162790697674,0.6046511627906976,0.066666667,0.0,0.0,0.6976744186046512,0.813953488,0.1627906976744186,99.83,22.7,1.03
VIRGINIA PARK,99.73,1104,540,0.0,0.528,0.528,0.0,0.6759999999999999,0.6759999999999999,0.6759999999999999,0.0,0.0,0.40625,0.328125,0.44,0.0,0.03,0.1759259259259259,0.307,0.018518519,0.055555556,0.4537037037037037,0.25,0.3703703703703703,0.1958762886597938,0.0,0.0,0.0,0.0,0.2,0.3425925925925926,0.1111111111111111,0.074074074,99.73,25.6,0.93
WALKER,99.98,5085,13425,0.029,0.167,0.138,0.253,0.536,0.283,0.0,0.047,0.032,0.005980861,0.003588517,0.0,0.0,0.15,0.372439479,0.235,0.051769088,0.051024209,0.4614525139664804,0.081564246,0.046182495,0.1129032258064516,0.021973929,0.2409683426443203,0.076555024,0.034,0.058,0.074487896,0.7668528864059591,0.063687151,99.98,26.4,1.18
WEBBER GREENS,99.9,2557,3005,0.025,0.025,0.0,0.166,0.526,0.36,0.0,0.011,0.0,0.0,0.0,0.0,0.0,0.22,0.4009983361064891,0.242,0.056572379,0.023294509,0.3294509151414309,0.034941764,0.019966722,0.1024498886414253,0.004991681,0.129783694,0.06557377,0.012,0.022,0.039933444,0.5806988352745425,0.06156406,99.9,25.1,1.1
WEDGEWOOD HEIGHTS,99.74,1325,1500,0.03,0.03,0.0,0.13,0.13,0.0,0.0,0.034,0.034,0.0,0.028846154,0.076,0.076,0.0,0.3333333333333333,0.317,0.033333333,0.04,0.2033333333333333,0.02,0.03,0.059760956,0.01,0.04,0.0,0.04,0.04,0.01,0.3066666666666666,0.06,99.74,23.8,0.94
WEINLOS,99.87,3546,3065,0.067,0.34,0.273,0.1689999999999999,0.542,0.373,0.09,0.094,0.064,0.012875536,0.223175966,0.132,0.044,0.36,0.2805872756933116,0.279,0.088091354,0.1109298531810766,0.566068515,0.13050571,0.089722675,0.1711026615969581,0.04730832,0.1680261011419249,0.038626609,0.069,0.114,0.1092985318107667,0.531810767,0.088091354,99.87,25.6,1.07
WELLINGTON,99.85,2470,3290,0.063,0.304,0.241,0.138,0.51,0.372,0.0,0.073,0.06,0.5975609756097561,0.2764227642276423,0.128,0.0,0.04,0.3419452887537993,0.251,0.1063829787234042,0.092705167,0.5911854103343465,0.1504559270516717,0.079027356,0.2,0.010638298,0.1261398176291793,0.048780488,0.062,0.104,0.1306990881458966,0.290273556,0.071428571,99.85,24.7,1.05
WEST JASPER PLACE,99.8,3358,2885,0.0,0.391,0.391,0.123,0.5630000000000001,0.44,0.079,0.192,0.158,0.2175438596491228,0.4526315789473684,0.216,0.048,0.07,0.2114384748700173,0.3,0.081455806,0.1785095320623916,0.7157712305025996,0.1386481802426343,0.2287694974003466,0.2055888223552894,0.036395147,0.1611785095320624,0.084210526,0.13,0.186,0.3500866551126516,0.4419410745233968,0.097053726,99.8,24.9,1.0
WEST MEADOWLARK PARK,99.87,3045,2955,0.083,0.259,0.176,0.152,0.4529999999999999,0.301,0.0,0.096,0.067,0.1161825726141078,0.7717842323651453,0.128,0.064,0.21,0.3197969543147208,0.251,0.1099830795262267,0.098138748,0.5972927241962775,0.1235194585448392,0.1252115059221658,0.1333333333333333,0.015228426,0.2453468697123519,0.062240664,0.073,0.099,0.1590524534686971,0.4196277495769882,0.079526227,99.87,25.3,1.07
WESTBROOK ESTATES,99.8,842,1210,0.0,0.2,0.2,0.0,0.3329999999999999,0.3329999999999999,0.0,0.048,0.032,0.042105263,0.631578947,0.0,0.0,0.18,0.3099173553719008,0.55,0.037190083,0.045454545,0.2768595041322314,0.0,0.099173554,0.1111111111111111,0.037190083,0.090909091,0.073684211,0.032,0.042,0.128099174,0.396694215,0.045454545,99.8,22.4,1.0
WESTMOUNT,99.7,3176,6165,0.064,0.384,0.32,0.175,0.569,0.3939999999999999,0.099,0.11,0.073,0.3471337579617834,0.2515923566878981,0.1639999999999999,0.026,0.14,0.2230332522303325,0.345,0.04217356,0.1046228710462287,0.4087591240875912,0.076236821,0.2311435523114355,0.1169201520912547,0.00973236,0.081914031,0.030254777,0.064,0.1159999999999999,0.2376317923763179,0.1970802919708029,0.067315491,99.7,23.8,0.9
WESTRIDGE,99.73,1548,1365,0.0,0.0,0.0,0.094,0.094,0.0,0.0,0.0,0.0,0.030927835,0.8350515463917526,0.0,0.0,0.16,0.3333333333333333,0.314,0.04029304,0.0,0.1648351648351648,0.018315018,0.043956044,0.055045872,0.0,0.04029304,0.0,0.0,0.024,0.0,0.1135531135531135,0.058608059,99.73,24.1,0.93
WESTVIEW VILLAGE,99.89,1866,1930,0.118,0.418,0.3,0.15,0.579,0.429,0.0,0.122,0.094,0.025773196,0.4381443298969072,0.144,0.048,0.11,0.194300518,0.26,0.1191709844559585,0.121761658,0.6269430051813472,0.155440415,0.1632124352331606,0.2881844380403458,0.0,0.010362694,0.0,0.08,0.135,0.054404145,0.023316062,0.093264249,99.89,22.6,1.09
WESTWOOD,99.74,3332,3005,0.09,0.4339999999999999,0.344,0.186,0.625,0.439,0.078,0.238,0.223,0.2752293577981651,0.3975535168195718,0.272,0.0,0.19,0.2196339434276206,0.285,0.098169717,0.2778702163061564,0.7520798668885191,0.1780366056572379,0.2928452579034942,0.2203065134099616,0.034941764,0.151414309,0.076452599,0.21,0.266,0.4259567387687188,0.3810316139767055,0.103161398,99.74,25.1,0.94
WILD ROSE,99.92,4672,8550,0.035,0.16,0.125,0.1689999999999999,0.357,0.188,0.0,0.039,0.037,0.0,0.018218623,0.058,0.03,0.13,0.3766081871345029,0.233,0.06374269,0.050877193,0.4222222222222222,0.070760234,0.039766082,0.1805852962169878,0.039181287,0.1812865497076023,0.1093117408906882,0.034,0.049,0.046783626,0.6736842105263158,0.067836257,99.92,25.9,1.12
WINDERMERE,99.87,2461,12975,0.052,0.165,0.113,0.217,0.529,0.312,0.029,0.06,0.04,0.005630631,0.005630631,0.092,0.046,0.22,0.3529865125240848,0.343,0.032755299,0.061271676,0.3179190751445087,0.051637765,0.065125241,0.077709611,0.022736031,0.1502890173410404,0.021396396,0.037,0.064,0.078998073,0.6088631984585742,0.051637765,99.87,26.2,1.07
WINDSOR PARK,99.66,1725,1480,0.0,0.0,0.0,0.134,0.434,0.3,0.0,0.138,0.168,0.6019417475728155,0.1067961165048543,0.0,0.0,0.25,0.2804054054054054,0.38,0.027027027,0.1216216216216216,0.2331081081081081,0.040540541,0.050675676,0.052208835,0.060810811,0.152027027,0.019417476,0.114,0.098,0.067567568,0.3851351351351351,0.050675676,99.66,22.6,0.86
WOODCROFT,99.8,2144,2695,0.057,0.507,0.45,0.16,0.641,0.481,0.209,0.122,0.075,0.4015151515151515,0.4053030303030303,0.29,0.032,0.12,0.2764378478664193,0.291,0.092764378,0.1280148423005566,0.6437847866419295,0.2263450834879406,0.2337662337662337,0.2255125284738041,0.009276438,0.1131725417439703,0.045454545,0.08,0.207,0.2949907235621521,0.2838589981447124,0.055658627,99.8,24.9,1.0
YORK,99.89,3318,4055,0.071,0.297,0.226,0.184,0.515,0.331,0.042,0.096,0.082,0.071672355,0.6313993174061433,0.084,0.0,0.13,0.3600493218249075,0.242,0.1430332922318125,0.1011097410604192,0.5758323057953144,0.1627620221948212,0.075215783,0.2324492979719188,0.013563502,0.1393341553637484,0.078498294,0.082,0.124,0.1442663378545006,0.3896424167694204,0.082614057,99.89,27.0,1.09
